estacion,modelo_tesis,T,tesis_impreso,tesis_recalculado_con_sus_parametros,tesis_recalculado_con_UT_de_la_planilla,metis,impreso_vs_recalculado_pct,impreso_vs_UT_planilla_pct,metis_vs_recalculado_pct
est_01,Gamma 2p (Momentos L) [m³/s],2.0,111.17,110.26,111.168,110.80720347611832,0.826,0.002,0.497
est_01,Gamma 2p (Momentos L) [m³/s],5.0,223.73,226.985,223.725,225.3953528599953,-1.434,0.002,-0.7
est_01,Gamma 2p (Momentos L) [m³/s],10.0,300.59,311.172,300.59,308.4880613548104,-3.401,0.0,-0.863
est_01,Gamma 2p (Momentos L) [m³/s],20.0,369.9,393.643,369.895,390.76913332620654,-6.032,0.001,-0.73
est_01,Gamma 2p (Momentos L) [m³/s],25.0,390.37,419.94,390.363,417.22051668376326,-7.042,0.002,-0.648
est_01,Gamma 2p (Momentos L) [m³/s],50.0,447.65,501.04,447.65,499.49952551722845,-10.656,-0.0,-0.307
est_01,Gamma 2p (Momentos L) [m³/s],100.0,495.11,581.447,495.111,582.1580712184017,-14.849,-0.0,0.122
est_02,Log Normal 3p MV [m³/s],2.0,93.24,93.238,93.238,93.23701863513234,0.003,0.002,-0.001
est_02,Log Normal 3p MV [m³/s],5.0,198.35,201.033,198.347,201.00056632888462,-1.334,0.002,-0.016
est_02,Log Normal 3p MV [m³/s],10.0,310.9,325.55,310.897,325.6234963645857,-4.5,0.001,0.023
est_02,Log Normal 3p MV [m³/s],20.0,447.78,497.632,447.762,497.85996827368393,-10.018,0.004,0.046
est_02,Log Normal 3p MV [m³/s],25.0,495.53,564.949,495.515,565.2345348739215,-12.288,0.003,0.051
est_02,Log Normal 3p MV [m³/s],50.0,649.1,817.447,649.071,817.9237060125679,-20.594,0.004,0.058
est_02,Log Normal 3p MV [m³/s],100.0,800.7,1146.534,800.671,1147.2160711255028,-30.163,0.004,0.059
est_03,Log Pearson III MMI [m³/s],2.0,34.94,34.854,34.864,34.826760883705646,0.246,0.219,-0.079
est_03,Log Pearson III MMI [m³/s],5.0,87.48,88.684,87.246,88.65132419935769,-1.358,0.269,-0.037
est_03,Log Pearson III MMI [m³/s],10.0,144.69,152.032,144.263,152.48485491214623,-4.829,0.296,0.298
est_03,Log Pearson III MMI [m³/s],20.0,217.16,243.788,216.467,245.61270964740135,-10.923,0.32,0.749
est_03,Log Pearson III MMI [m³/s],25.0,243.23,281.05,242.439,283.61841627733475,-13.457,0.326,0.914
est_03,Log Pearson III MMI [m³/s],50.0,329.78,427.367,328.649,433.711850935101,-22.835,0.344,1.485
est_03,Log Pearson III MMI [m³/s],100.0,419.16,632.531,417.657,646.0424954723604,-33.733,0.36,2.136
est_05,Log Normal 3p MV [m³/s],2.0,25.85,25.853,25.853,25.857396197523283,-0.01,-0.01,0.018
est_05,Log Normal 3p MV [m³/s],5.0,68.33,69.344,68.325,69.32845850897905,-1.462,0.007,-0.022
est_05,Log Normal 3p MV [m³/s],10.0,109.4,114.545,109.395,114.54644806483456,-4.492,0.005,0.001
est_05,Log Normal 3p MV [m³/s],20.0,156.26,172.743,156.25,172.75620036539956,-9.542,0.007,0.008
est_05,Log Normal 3p MV [m³/s],25.0,172.05,194.621,172.048,194.63473729061187,-11.597,0.001,0.007
est_05,Log Normal 3p MV [m³/s],50.0,221.43,273.618,221.425,273.6194405456325,-19.073,0.002,0.001
est_05,Log Normal 3p MV [m³/s],100.0,268.51,371.438,268.494,371.39723339602483,-27.711,0.006,-0.011
est_07,Log Normal 2 parámetros (Momentos y M. Verosimilitud) [m³/s],2.0,45.56,45.604,45.604,45.5566749958824,-0.097,-0.097,-0.104
est_07,Log Normal 2 parámetros (Momentos y M. Verosimilitud) [m³/s],5.0,73.56,74.177,73.627,74.09885483985067,-0.832,-0.091,-0.106
est_07,Log Normal 2 parámetros (Momentos y M. Verosimilitud) [m³/s],10.0,93.35,95.654,93.439,95.57580450808497,-2.409,-0.095,-0.082
est_07,Log Normal 2 parámetros (Momentos y M. Verosimilitud) [m³/s],20.0,111.99,118.005,112.092,117.92486413752984,-5.097,-0.091,-0.068
est_07,Log Normal 2 parámetros (Momentos y M. Verosimilitud) [m³/s],25.0,117.66,125.449,117.761,125.36730771701968,-6.209,-0.086,-0.065
est_07,Log Normal 2 parámetros (Momentos y M. Verosimilitud) [m³/s],50.0,133.93,149.466,134.045,149.37737722602316,-10.394,-0.086,-0.059
est_07,Log Normal 2 parámetros (Momentos y M. Verosimilitud) [m³/s],100.0,147.89,174.973,148.018,174.8735244343605,-15.478,-0.086,-0.057
est_09,Normal (Momentos L) [m³/s],2.0,27.6,27.6,27.6,27.59857242636366,0.0,-0.0,-0.005
est_09,Normal (Momentos L) [m³/s],5.0,35.78,35.913,35.785,35.91088317905161,-0.369,-0.015,-0.005
est_09,Normal (Momentos L) [m³/s],10.0,39.86,40.258,39.858,40.2601008737202,-0.988,0.006,0.006
est_09,Normal (Momentos L) [m³/s],20.0,42.97,43.846,42.968,43.85075660206722,-1.998,0.005,0.01
est_09,Normal (Momentos L) [m³/s],25.0,43.81,44.892,43.811,44.896542584146744,-2.409,-0.002,0.011
est_09,Normal (Momentos L) [m³/s],50.0,46.02,47.885,46.024,47.89082840574875,-3.895,-0.009,0.012
est_09,Normal (Momentos L) [m³/s],100.0,47.72,50.577,47.719,50.58366936857645,-5.649,0.003,0.013
