estacion,distribucion,metodo,T,metis,scipy_mle,dif_pct
est_01,gumbel,mv,2.0,122.98552536027321,122.98552535071286,0.0
est_01,gumbel,mv,5.0,218.6007608579544,218.60076082492617,0.0
est_01,gumbel,mv,10.0,281.90636651357937,281.9063664650133,0.0
est_01,gumbel,mv,20.0,342.6306233341709,342.63062327070065,0.0
est_01,gumbel,mv,25.0,361.8931670793686,361.89316701117053,0.0
est_01,gumbel,mv,50.0,421.23194504533,421.23194496256775,0.0
est_01,gumbel,mv,100.0,480.13257478924885,480.13257469202995,0.0
est_01,gumbel,mv,200.0,538.8182860291903,538.8182859175676,0.0
est_01,gumbel,mv,500.0,616.2429384876741,616.2429383570482,0.0
est_01,gve,mv,2.0,96.2781385381018,96.27810986057074,0.0
est_01,gve,mv,5.0,215.8598872791606,215.85990514571813,-0.0
est_01,gve,mv,10.0,346.64467433876575,346.64479862443363,-0.0
est_01,gve,mv,20.0,533.4293053402398,533.4296455114267,-0.0001
est_01,gve,mv,25.0,609.6110196420308,609.6114639712403,-0.0001
est_01,gve,mv,50.0,913.3687721027609,913.3697006029196,-0.0001
est_01,gve,mv,100.0,1354.2191125507607,1354.220887843364,-0.0001
est_01,gve,mv,200.0,1995.1252309150793,1995.128445661402,-0.0002
est_01,gve,mv,500.0,3310.363596478938,3310.370270215543,-0.0002
est_01,gamma2p,mv,2.0,113.28696450940637,112.36707117599424,0.8187
est_01,gamma2p,mv,5.0,223.51072094234593,224.6166685511472,-0.4924
est_01,gamma2p,mv,10.0,302.430669530703,304.62380634292623,-0.7199
est_01,gamma2p,mv,20.0,380.08782698363166,382.58880765349176,-0.6537
est_01,gamma2p,mv,25.0,404.9730885115979,407.3870230554878,-0.5925
est_01,gamma2p,mv,50.0,482.1805943562541,483.7199713635282,-0.3182
est_01,gamma2p,mv,100.0,559.4898775179228,559.2271172914001,0.047
est_01,gamma2p,mv,200.0,637.1048129449579,634.1116173601577,0.472
est_01,gamma2p,mv,500.0,740.3813145768959,732.3717389854471,1.0936
est_01,exponencial_beta,mv,2.0,100.0731241933421,100.0731241933421,0.0
est_01,exponencial_beta,mv,5.0,232.36259860767325,232.36259860767325,0.0
est_01,exponencial_beta,mv,10.0,332.4357228010154,332.4357228010154,0.0
est_01,exponencial_beta,mv,20.0,432.5088469943573,432.5088469943573,0.0
est_01,exponencial_beta,mv,25.0,464.7251972153463,464.7251972153463,0.0
est_01,exponencial_beta,mv,50.0,564.7983214086885,564.7983214086885,0.0
est_01,exponencial_beta,mv,100.0,664.8714456020305,664.8714456020306,-0.0
est_01,exponencial_beta,mv,200.0,764.9445697953726,764.9445697953726,0.0
est_01,exponencial_beta,mv,500.0,897.2340442097037,897.2340442097037,0.0
est_01,normal,mv,2.0,144.37501169430735,144.375,0.0
est_01,normal,mv,5.0,241.79681326042504,240.59014055372162,0.5015
est_01,normal,mv,10.0,292.77043970729915,290.88349941398627,0.6487
est_01,normal,mv,20.0,334.85358123881014,332.4166232318404,0.7331
est_01,normal,mv,25.0,347.11038412527984,344.515514154907,0.7532
est_01,normal,mv,50.0,382.20396132943097,379.1620184543938,0.8023
est_01,normal,mv,100.0,413.7645496826612,410.32585621529694,0.838
est_01,normal,mv,200.0,442.64535098976893,438.84687000169845,0.8656
est_01,normal,mv,500.0,477.64143986991945,473.40987366615303,0.8938
est_02,gumbel,mv,2.0,122.84462493451927,122.84462491558803,0.0
est_02,gumbel,mv,5.0,199.6452829575068,199.6452828760066,0.0
est_02,gumbel,mv,10.0,250.4940012144802,250.49400109155397,0.0
est_02,gumbel,mv,20.0,299.2693125704975,299.2693124078344,0.0
est_02,gumbel,mv,25.0,314.74149152950497,314.74149135423676,0.0
est_02,gumbel,mv,50.0,362.4039500314903,362.40394981739183,0.0
est_02,gumbel,mv,100.0,409.7144764215134,409.7144761688714,0.0
est_02,gumbel,mv,200.0,456.8523746478253,456.8523743567804,0.0
est_02,gumbel,mv,500.0,519.0418805886111,519.0418802469009,0.0
est_02,gve,mv,2.0,96.15435155082461,96.15438485352152,-0.0
est_02,gve,mv,5.0,195.13007897216846,195.13007767662225,0.0
est_02,gve,mv,10.0,320.01542202314533,320.01530340310967,0.0
est_02,gve,mv,20.0,520.264839909692,520.2644370674358,0.0001
est_02,gve,mv,25.0,607.9562790600851,607.9557260737289,0.0001
est_02,gve,mv,50.0,985.6693944001543,985.668073059665,0.0001
est_02,gve,mv,100.0,1597.9917808054201,1597.9889329116368,0.0002
est_02,gve,mv,200.0,2591.7603020383112,2591.7545230358646,0.0002
est_02,gve,mv,500.0,4915.053677742605,4915.039786880858,0.0003
est_02,gamma2p,mv,2.0,122.28704408322884,121.87711450363628,0.3363
est_02,gamma2p,mv,5.0,210.169527215686,210.79576446431693,-0.2971
est_02,gamma2p,mv,10.0,269.4994262299884,270.52309938919444,-0.3784
est_02,gamma2p,mv,20.0,326.1554397023248,327.1502399567896,-0.3041
est_02,gamma2p,mv,25.0,344.0336123363719,344.9235887672119,-0.258
est_02,gamma2p,mv,50.0,398.8098965768524,399.07310407138044,-0.066
est_02,gamma2p,mv,100.0,452.7834880876827,451.9649334088652,0.1811
est_02,gamma2p,mv,200.0,506.254842166491,503.9049294128465,0.4663
est_02,gamma2p,mv,500.0,576.4925325777369,571.4421936860658,0.8838
est_02,exponencial_beta,mv,2.0,98.83123549483888,98.83123549483888,0.0
est_02,exponencial_beta,mv,5.0,229.47902234789552,229.47902234789552,0.0
est_02,exponencial_beta,mv,10.0,328.3102578427344,328.3102578427344,0.0
est_02,exponencial_beta,mv,20.0,427.14149333757314,427.1414933375731,0.0
est_02,exponencial_beta,mv,25.0,458.9580446957909,458.9580446957908,0.0
est_02,exponencial_beta,mv,50.0,557.7892801906297,557.7892801906297,0.0
est_02,exponencial_beta,mv,100.0,656.6205156854686,656.6205156854687,-0.0
est_02,exponencial_beta,mv,200.0,755.4517511803075,755.4517511803074,0.0
est_02,exponencial_beta,mv,500.0,886.0995380333641,886.0995380333641,0.0
est_02,normal,mv,2.0,142.58334431427315,142.58333333333334,0.0
est_02,normal,mv,5.0,234.06229281543705,232.15371307511822,0.8221
est_02,normal,mv,10.0,281.92646360359987,278.97373771654685,1.0584
est_02,normal,mv,20.0,321.4424802963889,317.63852218620764,1.1976
est_02,normal,mv,25.0,332.9516027106292,328.9018456943038,1.2313
est_02,normal,mv,50.0,365.9044273368644,361.1556108394858,1.3149
est_02,normal,mv,100.0,395.53977989880775,390.167227580792,1.377
est_02,normal,mv,200.0,422.65881581247027,416.71853770481846,1.4255
est_02,normal,mv,500.0,455.5200990257224,448.89456889310486,1.476
est_03,gumbel,mv,2.0,49.88788280562546,49.887882789177915,0.0
est_03,gumbel,mv,5.0,90.01092581789587,90.01092568837947,0.0
est_03,gumbel,mv,10.0,116.57587151318799,116.57587130881019,0.0
est_03,gumbel,mv,20.0,142.05760520990452,142.05760493371784,0.0
est_03,gumbel,mv,25.0,150.14075082149537,150.14075052252997,0.0
est_03,gumbel,mv,50.0,175.04109571142217,175.04109534228627,0.0
est_03,gumbel,mv,100.0,199.75758036330993,199.75757992452168,0.0
est_03,gumbel,mv,200.0,224.38387871450686,224.3838782063204,0.0
est_03,gumbel,mv,500.0,256.87360322998086,256.87360263023663,0.0
est_03,gve,mv,2.0,40.09202981510669,40.092079036188736,-0.0001
est_03,gve,mv,5.0,83.46988656942756,83.46996864797035,-0.0001
est_03,gve,mv,10.0,125.78602452292482,125.78611890791402,-0.0001
est_03,gve,mv,20.0,180.92004064329728,180.92013048044618,-0.0
est_03,gve,mv,25.0,202.16052820203868,202.1606113374444,-0.0
est_03,gve,mv,50.0,281.8778448184352,281.87788327931696,-0.0
est_03,gve,mv,100.0,387.85945554382386,387.85939682809686,0.0
est_03,gve,mv,200.0,529.0644838153713,529.0642455541888,0.0
est_03,gve,mv,500.0,790.5363324931343,790.5356527692909,0.0001
est_03,gamma2p,mv,2.0,46.10515463293789,45.53145250321725,1.26
est_03,gamma2p,mv,5.0,98.56918728484831,99.18363884535422,-0.6195
est_03,gamma2p,mv,10.0,137.3988883417405,138.76123716619085,-0.9818
est_03,gamma2p,mv,20.0,176.23805846593513,177.91594342733427,-0.9431
est_03,gamma2p,mv,25.0,188.78723617318613,190.4586159953007,-0.8776
est_03,gamma2p,mv,50.0,227.98207107916633,229.2754230807255,-0.5641
est_03,gamma2p,mv,100.0,267.5615287174248,267.92161230621497,-0.1344
est_03,gamma2p,mv,200.0,307.5728920352889,306.4394514827159,0.3699
est_03,gamma2p,mv,500.0,361.16794661462444,357.20681049704996,1.1089
est_03,exponencial_beta,mv,2.0,43.24562165542292,43.24562165542293,-0.0
est_03,exponencial_beta,mv,5.0,100.41322390259582,100.41322390259583,-0.0
est_03,exponencial_beta,mv,10.0,143.65884555801875,143.65884555801875,0.0
est_03,exponencial_beta,mv,20.0,186.9044672134416,186.90446721344162,-0.0
est_03,exponencial_beta,mv,25.0,200.82644780519155,200.82644780519158,-0.0
est_03,exponencial_beta,mv,50.0,244.0720694606145,244.07206946061453,-0.0
est_03,exponencial_beta,mv,100.0,287.3176911160374,287.31769111603745,-0.0
est_03,exponencial_beta,mv,200.0,330.56331277146035,330.56331277146035,0.0
est_03,exponencial_beta,mv,500.0,387.7309150186332,387.73091501863325,-0.0
est_03,normal,mv,2.0,62.390251702675144,62.390243902439025,0.0
est_03,normal,mv,5.0,127.37170227506874,126.58690243582062,0.62
est_03,normal,mv,10.0,161.3716913350658,160.1436333896824,0.7668
est_03,normal,mv,20.0,189.44162575836845,187.8553610056777,0.8444
est_03,normal,mv,25.0,197.61705279973927,195.92798205835982,0.8621
est_03,normal,mv,50.0,221.02486825624527,219.04481993947905,0.9039
est_03,normal,mv,100.0,242.07613993406602,239.8379533258962,0.9332
est_03,normal,mv,200.0,261.3399631487831,258.86774190734275,0.955
est_03,normal,mv,500.0,284.6827527834957,281.92886650130544,0.9768
est_04,gumbel,mv,2.0,20.588764030282345,20.588764022116273,0.0
est_04,gumbel,mv,5.0,34.92392011689495,34.923920082107315,0.0
est_04,gumbel,mv,10.0,44.415040789321026,44.4150407369076,0.0
est_04,gumbel,mv,20.0,53.51915160634495,53.51915153702445,0.0
est_04,gumbel,mv,25.0,56.40709691940449,56.40709684472084,0.0
est_04,gumbel,mv,50.0,65.30348921194383,65.30348912073885,0.0
est_04,gumbel,mv,100.0,74.13419194026929,74.13419183266497,0.0
est_04,gumbel,mv,200.0,82.93267291769509,82.93267279375127,0.0
est_04,gumbel,mv,500.0,94.540597869896,94.54059772439533,0.0
est_04,gve,mv,2.0,18.114934542113048,18.114919739742003,0.0001
est_04,gve,mv,5.0,34.28628911250258,34.28622652892326,0.0002
est_04,gve,mv,10.0,48.606341194023535,48.60619540369484,0.0003
est_04,gve,mv,20.0,65.87793767597968,65.87765231656624,0.0004
est_04,gve,mv,25.0,72.21754281026486,72.21719716190987,0.0005
est_04,gve,mv,50.0,94.84060152704663,94.84000733054401,0.0006
est_04,gve,mv,100.0,122.78014753232551,122.77918582776809,0.0008
est_04,gve,mv,200.0,157.37415394020277,157.37266262908082,0.0009
est_04,gve,mv,500.0,216.1529103091714,216.150370775885,0.0012
est_04,gamma2p,mv,2.0,19.681702640110178,19.57211717785019,0.5599
est_04,gamma2p,mv,5.0,36.457585266709906,36.603430467809275,-0.3984
est_04,gamma2p,mv,10.0,48.1539541024662,48.41887259493734,-0.5471
est_04,gamma2p,mv,20.0,59.50991379756835,59.792111930650776,-0.472
est_04,gamma2p,mv,25.0,63.12414395800203,63.388334231000854,-0.4168
est_04,gamma2p,mv,50.0,74.2753276867526,74.40814305749817,-0.1785
est_04,gamma2p,mv,100.0,85.36233710506963,85.24884343740473,0.1331
est_04,gamma2p,mv,200.0,96.4283974949365,95.95426132560044,0.4941
est_04,gamma2p,mv,500.0,111.07025594572964,109.9467282133577,1.0219
est_04,exponencial_beta,mv,2.0,16.654786421787573,16.654786421787573,0.0
est_04,exponencial_beta,mv,5.0,38.671216507097135,38.671216507097135,0.0
est_04,exponencial_beta,mv,10.0,55.32600292888471,55.32600292888472,-0.0
est_04,exponencial_beta,mv,20.0,71.98078935067225,71.98078935067227,-0.0
est_04,exponencial_beta,mv,25.0,77.34243301419424,77.34243301419424,0.0
est_04,exponencial_beta,mv,50.0,93.99721943598182,93.99721943598182,0.0
est_04,exponencial_beta,mv,100.0,110.65200585776938,110.65200585776941,-0.0
est_04,exponencial_beta,mv,200.0,127.30679227955696,127.30679227955697,-0.0
est_04,exponencial_beta,mv,500.0,149.32322236486652,149.32322236486652,0.0
est_04,normal,mv,2.0,24.027779767596265,24.02777777777778,0.0
est_04,normal,mv,5.0,40.604366630482986,40.37571042659254,0.5663
est_04,normal,mv,10.0,49.2776690425667,48.921064500790536,0.7289
est_04,normal,mv,20.0,56.43823105072056,55.97796538937838,0.8222
est_04,normal,mv,25.0,58.52375969464484,58.03369022434043,0.8445
est_04,normal,mv,50.0,64.49502815306302,63.92048429381053,0.8988
est_04,normal,mv,100.0,69.86514886393975,69.21553783592302,0.9385
est_04,normal,mv,200.0,74.7792964555559,74.06154865888362,0.9691
est_04,normal,mv,500.0,80.7339770081364,79.93415511973221,1.0006
est_05,gumbel,mv,2.0,36.34037341479794,36.34037339988411,0.0
est_05,gumbel,mv,5.0,68.52790853886147,68.52790847184865,0.0
est_05,gumbel,mv,10.0,89.83885752083577,89.83885741932889,0.0
est_05,gumbel,mv,20.0,110.28083142930191,110.28083129470748,0.0
est_05,gumbel,mv,25.0,116.76529805379081,116.76529790870059,0.0
est_05,gumbel,mv,50.0,136.74086983434358,136.74086965692075,0.0
est_05,gumbel,mv,100.0,156.56894512845116,156.56894491893445,0.0
est_05,gumbel,mv,200.0,176.3246711064735,176.32467086498002,0.0
est_05,gumbel,mv,500.0,202.38860022304505,202.3885999393643,0.0
est_05,gve,mv,2.0,28.145272402830756,28.145290458210592,-0.0001
est_05,gve,mv,5.0,66.46514142013865,66.46525396731036,-0.0002
est_05,gve,mv,10.0,105.98288972260194,105.98314460300347,-0.0002
est_05,gve,mv,20.0,159.81535791444793,159.81585577968553,-0.0003
est_05,gve,mv,25.0,181.1375453679862,181.13815155549304,-0.0003
est_05,gve,mv,50.0,263.53950312414764,263.5405774763946,-0.0004
est_05,gve,mv,100.0,377.8499460818553,377.8517694676056,-0.0005
est_05,gve,mv,200.0,536.7330382105766,536.7360403731528,-0.0006
est_05,gve,mv,500.0,845.9573326000022,845.9629446255185,-0.0007
est_05,gamma2p,mv,2.0,30.020333009236257,29.40294013348725,2.0998
est_05,gamma2p,mv,5.0,71.59500691586801,72.16906067648519,-0.7954
est_05,gamma2p,mv,10.0,103.74480498049775,105.22960992606718,-1.411
est_05,gamma2p,mv,20.0,136.5889291895104,138.5906565126981,-1.4443
est_05,gamma2p,mv,25.0,147.3130314459414,149.37481532913333,-1.3803
est_05,gamma2p,mv,50.0,181.09086041262339,182.97587923138406,-1.0302
est_05,gamma2p,mv,100.0,215.5625809183249,216.69778082738182,-0.5239
est_05,gamma2p,mv,200.0,250.7103409005266,250.51029876244652,0.0799
est_05,gamma2p,mv,500.0,298.1773142501769,295.3138613250828,0.9696
est_05,exponencial_beta,mv,2.0,30.821944628898898,30.821944628898898,0.0
est_05,exponencial_beta,mv,5.0,71.566339172903,71.566339172903,0.0
est_05,exponencial_beta,mv,10.0,102.3882838018019,102.38828380180189,0.0
est_05,exponencial_beta,mv,20.0,133.21022843070074,133.21022843070074,0.0
est_05,exponencial_beta,mv,25.0,143.13267834580594,143.13267834580594,0.0
est_05,exponencial_beta,mv,50.0,173.95462297470485,173.95462297470482,0.0
est_05,exponencial_beta,mv,100.0,204.77656760360372,204.77656760360375,-0.0
est_05,exponencial_beta,mv,200.0,235.59851223250263,235.59851223250263,0.0
est_05,exponencial_beta,mv,500.0,276.3429067765067,276.3429067765067,0.0
est_05,normal,mv,2.0,44.46667129491538,44.46666666666666,0.0
est_05,normal,mv,5.0,83.02323688695964,82.533152971417,0.5938
est_05,normal,mv,10.0,103.19703720648482,102.43117988543686,0.7477
est_05,normal,mv,20.0,119.85225586077937,118.86331395401501,0.832
est_05,normal,mv,25.0,124.7031230880724,123.65011011702046,0.8516
est_05,normal,mv,50.0,138.59208623163548,137.35762718589066,0.8987
est_05,normal,mv,100.0,151.08280058307324,149.68726466811742,0.9323
est_05,normal,mv,200.0,162.51293728807516,160.97129724811924,0.9577
est_05,normal,mv,500.0,176.3633175385038,174.6457781881474,0.9834
est_06,gumbel,mv,2.0,38.97524390831605,38.97524389727162,0.0
est_06,gumbel,mv,5.0,60.11390933390567,60.11390929090109,0.0
est_06,gumbel,mv,10.0,74.10954518161554,74.10954511745058,0.0
est_06,gumbel,mv,20.0,87.53449510164364,87.53449501718111,0.0
est_06,gumbel,mv,25.0,91.79306817690833,91.79306808600714,0.0
est_06,gumbel,mv,50.0,104.91171571939361,104.91171560865797,0.0
est_06,gumbel,mv,100.0,117.93349722767039,117.93349709724674,0.0
est_06,gumbel,mv,200.0,130.9077644425848,130.90776429254498,0.0
est_06,gumbel,mv,500.0,148.0248464169542,148.0248462410346,0.0
est_06,gve,mv,2.0,33.139153009734144,33.139136088456056,0.0001
est_06,gve,mv,5.0,58.63810553837541,58.63798639685979,0.0002
est_06,gve,mv,10.0,86.23605715635821,86.23576326259351,0.0003
est_06,gve,mv,20.0,125.32057476630376,125.3199602532431,0.0005
est_06,gve,mv,25.0,141.17877063854257,141.1780076811234,0.0005
est_06,gve,mv,50.0,204.05822254315865,204.0567930903203,0.0007
est_06,gve,mv,100.0,294.58547562385866,294.58292477683744,0.0009
est_06,gve,mv,200.0,425.14478388578186,425.1403835755781,0.001
est_06,gve,mv,500.0,690.5536643347665,690.5449471932973,0.0013
est_06,gamma2p,mv,2.0,39.44346630981673,39.369964220690235,0.1867
est_06,gamma2p,mv,5.0,62.91192440325434,63.04400561200766,-0.2095
est_06,gamma2p,mv,10.0,78.2439047384789,78.43762641706553,-0.247
est_06,gamma2p,mv,20.0,92.63411439948912,92.8032336196665,-0.1822
est_06,gamma2p,mv,25.0,97.13420491216196,97.27663680263542,-0.1464
est_06,gamma2p,mv,50.0,110.8198010218945,110.82096329969382,-0.001
est_06,gamma2p,mv,100.0,124.17543455304269,123.94780518789503,0.1836
est_06,gamma2p,mv,200.0,137.30048565864428,136.75811183553319,0.3966
est_06,gamma2p,mv,500.0,154.40507127798443,153.3178862152659,0.7091
est_06,exponencial_beta,mv,2.0,30.626160951582847,30.626160951582843,0.0
est_06,exponencial_beta,mv,5.0,71.11174355202249,71.11174355202249,0.0
est_06,exponencial_beta,mv,10.0,101.73790450360535,101.73790450360534,0.0
est_06,exponencial_beta,mv,20.0,132.36406545518813,132.36406545518813,0.0
est_06,exponencial_beta,mv,25.0,142.22348710404492,142.22348710404492,0.0
est_06,exponencial_beta,mv,50.0,172.84964805562777,172.84964805562777,0.0
est_06,exponencial_beta,mv,100.0,203.47580900721061,203.47580900721064,-0.0
est_06,exponencial_beta,mv,200.0,234.10196995879346,234.10196995879346,0.0
est_06,exponencial_beta,mv,500.0,274.58755255923313,274.5875525592331,0.0
est_06,normal,mv,2.0,44.184213338845765,44.18421052631579,0.0
est_06,normal,mv,5.0,67.614565307605,67.30873605518896,0.4544
est_06,normal,mv,10.0,79.87393630644405,79.39633530624033,0.6015
est_06,normal,mv,20.0,89.99510838685588,89.37848340156594,0.6899
est_06,normal,mv,25.0,92.94292089930244,92.28635331072324,0.7114
est_06,normal,mv,50.0,101.38307343721301,100.61335848422142,0.765
est_06,normal,mv,100.0,108.97352733531142,108.10333311536894,0.805
est_06,normal,mv,200.0,115.91948120690026,114.95812652540127,0.8363
est_06,normal,mv,500.0,124.3361873939175,123.2650630012354,0.869
est_07,gumbel,mv,2.0,47.91394661297127,47.91394660997071,0.0
est_07,gumbel,mv,5.0,72.22710802210278,72.22710801115097,0.0
est_07,gumbel,mv,10.0,88.32453643292718,88.32453641671094,0.0
est_07,gumbel,mv,20.0,103.76557624048381,103.76557621921782,0.0
est_07,gumbel,mv,25.0,108.66367990345921,108.66367988059137,0.0
est_07,gumbel,mv,50.0,123.75241841879784,123.75241839099546,0.0
est_07,gumbel,mv,100.0,138.72974405743125,138.72974402473076,0.0
est_07,gumbel,mv,200.0,153.65241995065733,153.65241991307659,0.0
est_07,gumbel,mv,500.0,173.34005720293055,173.3400571589113,0.0
est_07,gve,mv,2.0,47.5022922706294,47.50235661389365,-0.0001
est_07,gve,mv,5.0,72.24361224657966,72.24371074618512,-0.0001
est_07,gve,mv,10.0,89.11980113452255,89.11990094166279,-0.0001
est_07,gve,mv,20.0,105.68894492954917,105.68902913867298,-0.0001
est_07,gve,mv,25.0,111.02426773429718,111.02434342366762,-0.0001
est_07,gve,mv,50.0,127.7043599539316,127.70439820874118,-0.0
est_07,gve,mv,100.0,144.6326967213628,144.63268053981332,0.0
est_07,gve,mv,200.0,161.87550821111273,161.87541992408777,0.0001
est_07,gve,mv,500.0,185.21289936287388,185.2126873559002,0.0001
est_07,gamma2p,mv,2.0,47.95740536284322,47.89524316869631,0.1298
est_07,gamma2p,mv,5.0,73.44542873103008,73.56911554055577,-0.1681
est_07,gamma2p,mv,10.0,89.79701898710223,89.96755668050173,-0.1896
est_07,gamma2p,mv,20.0,104.99554655632191,105.13464681762221,-0.1323
est_07,gamma2p,mv,25.0,109.72402984012191,109.83622388127264,-0.1021
est_07,gamma2p,mv,50.0,124.04317392153813,124.01992433611417,0.0187
est_07,gamma2p,mv,100.0,137.93959435140786,137.70342115054942,0.1715
est_07,gamma2p,mv,200.0,151.53227886464813,151.0073231247129,0.3476
est_07,gamma2p,mv,500.0,169.16455816288888,168.144459959378,0.6067
est_07,exponencial_beta,mv,2.0,36.52520827245353,36.52520827245353,0.0
est_07,exponencial_beta,mv,5.0,84.80890725942217,84.80890725942217,0.0
est_07,exponencial_beta,mv,10.0,121.33411553187571,121.33411553187571,0.0
est_07,exponencial_beta,mv,20.0,157.85932380432916,157.8593238043292,-0.0
est_07,exponencial_beta,mv,25.0,169.61781451884426,169.61781451884428,-0.0
est_07,exponencial_beta,mv,50.0,206.1430227912978,206.14302279129782,-0.0
est_07,exponencial_beta,mv,100.0,242.6682310637513,242.66823106375136,-0.0
est_07,exponencial_beta,mv,200.0,279.19343933620485,279.19343933620485,0.0
est_07,exponencial_beta,mv,500.0,327.4771383231735,327.4771383231735,0.0
est_07,normal,mv,2.0,52.69473970649397,52.69473684210526,0.0
est_07,normal,mv,5.0,76.55711139266857,75.9252076937641,0.8323
est_07,normal,mv,10.0,89.04252637077309,88.06818644234323,1.1063
est_07,normal,mv,20.0,99.35031732519593,98.09606788258583,1.2786
est_07,normal,mv,25.0,102.35248297456161,101.0172602365976,1.3218
est_07,normal,mv,50.0,110.9482589670081,109.38241569559429,1.4315
est_07,normal,mv,100.0,118.67866918127638,116.90670574562306,1.5157
est_07,normal,mv,200.0,125.75269577805454,123.79290448328246,1.5831
est_07,normal,mv,500.0,134.3245931048947,132.13789929960853,1.6549
est_08,gumbel,mv,2.0,141.02459471023576,141.02459469796221,0.0
est_08,gumbel,mv,5.0,214.82212809652447,214.82212805249782,0.0
est_08,gumbel,mv,10.0,263.6825165335064,263.68251646845647,0.0
est_08,gumbel,mv,20.0,310.5505741892746,310.55057410405857,0.0
est_08,gumbel,mv,25.0,325.4177468500118,325.41774675839883,0.0
est_08,gumbel,mv,50.0,371.21646737034985,371.21646725903094,0.0
est_08,gumbel,mv,100.0,416.67701732742955,416.67701719655025,0.0
est_08,gumbel,mv,200.0,461.9716893740482,461.97168922367985,0.0
est_08,gumbel,mv,500.0,521.7294083713028,521.7294081952223,0.0
est_08,gve,mv,2.0,135.10693809708704,135.10690480252538,0.0
est_08,gve,mv,5.0,214.17253240763318,214.17243276551602,0.0
est_08,gve,mv,10.0,274.20214075547005,274.20198940325156,0.0001
est_08,gve,mv,20.0,338.3073467087419,338.3071390121245,0.0001
est_08,gve,mv,25.0,360.0911349282791,360.09090784164306,0.0001
est_08,gve,mv,50.0,431.94942285782156,431.94913100127644,0.0001
est_08,gve,mv,100.0,510.9633717862831,510.9630073890306,0.0001
est_08,gve,mv,200.0,598.12346825369,598.1230223877228,0.0001
est_08,gve,mv,500.0,727.5338966801799,727.5333273496934,0.0001
est_08,gamma2p,mv,2.0,141.56865218722328,141.35719804925316,0.1496
est_08,gamma2p,mv,5.0,220.1754075686488,220.57967537483842,-0.1833
est_08,gamma2p,mv,10.0,270.9546921784811,271.5254969103473,-0.2102
est_08,gamma2p,mv,20.0,318.3290599553624,318.80727635422505,-0.15
est_08,gamma2p,mv,25.0,333.0969809724326,333.4895240891516,-0.1177
est_08,gamma2p,mv,50.0,377.89130146829297,377.84467991427107,0.0123
est_08,gamma2p,mv,100.0,421.45617088302623,420.71153546195154,0.177
est_08,gamma2p,mv,200.0,464.1456931068651,462.44932513370264,0.3668
est_08,gamma2p,mv,500.0,519.6208096066534,516.2867787381703,0.6458
est_08,exponencial_beta,mv,2.0,108.5902104737271,108.5902104737271,0.0
est_08,exponencial_beta,mv,5.0,252.13866052867888,252.13866052867888,0.0
est_08,exponencial_beta,mv,10.0,360.728871002406,360.72887100240604,-0.0
est_08,exponencial_beta,mv,20.0,469.3190814761329,469.3190814761329,0.0
est_08,exponencial_beta,mv,25.0,504.2773210573576,504.2773210573576,0.0
est_08,exponencial_beta,mv,50.0,612.8675315310846,612.8675315310848,-0.0
est_08,exponencial_beta,mv,100.0,721.4577420048117,721.4577420048118,-0.0
est_08,exponencial_beta,mv,200.0,830.0479524785388,830.0479524785388,0.0
est_08,exponencial_beta,mv,500.0,973.5964025334906,973.5964025334906,0.0
est_08,normal,mv,2.0,156.66256704653347,156.66255813953487,0.0
est_08,normal,mv,5.0,230.86412726705413,230.01058053283168,0.3711
est_08,normal,mv,10.0,269.68831807088657,268.35089153468596,0.4984
est_08,normal,mv,20.0,301.7410486755434,300.0129821196349,0.576
est_08,normal,mv,25.0,311.07647342514827,309.2363716740435,0.595
est_08,normal,mv,50.0,337.8055847781143,335.64856167432004,0.6426
est_08,normal,mv,100.0,361.84378628579145,359.40579839187717,0.6783
est_08,normal,mv,200.0,383.8409212489736,381.1483219265849,0.7064
est_08,normal,mv,500.0,410.49578037473947,407.4968565976384,0.7359
