estacion,distribucion,metodo,T,metis,r_lmom,dif_pct
est_01,normal,ml,2.0,144.375011580139,144.375,0.0
est_01,normal,ml,5.0,240.8457105054505,240.889285090071,-0.0181
est_01,normal,ml,10.0,291.3216952546171,291.339012100205,-0.0059
est_01,normal,ml,20.0,332.9939904827278,333.001267435158,-0.0022
est_01,normal,ml,25.0,345.13113352503774,345.137775276879,-0.0019
est_01,normal,ml,50.0,379.88210164767287,379.891999758503,-0.0026
est_01,normal,ml,100.0,411.13457253186016,411.152729669064,-0.0044
est_01,normal,ml,200.0,439.7334184044531,439.762418744991,-0.0066
est_01,normal,ml,500.0,474.3878499551689,474.432882977986,-0.0095
est_01,gumbel,ml,2.0,124.7076702399956,124.707701518571,-0.0
est_01,gumbel,ml,5.0,230.5033896522213,230.503420930796,-0.0
est_01,gumbel,ml,10.0,300.54936149240916,300.549392770984,-0.0
est_01,gumbel,ml,20.0,367.7391393836432,367.739170662218,-0.0
est_01,gumbel,ml,25.0,389.052632600758,389.052663879333,-0.0
est_01,gumbel,ml,50.0,454.70941492498764,454.709446203563,-0.0
est_01,gumbel,ml,100.0,519.8813978747357,519.88142915331,-0.0
est_01,gumbel,ml,200.0,584.8155792061024,584.815610484679,-0.0
est_01,gumbel,ml,500.0,670.4839014609328,670.483932739513,-0.0
est_01,gve,ml,2.0,118.68873373629513,118.718451633686,-0.025
est_01,gve,ml,5.0,223.8777853468575,223.914123497903,-0.0162
est_01,gve,ml,10.0,299.61452511481525,299.6240796107,-0.0032
est_01,gve,ml,20.0,377.1903085703134,377.147084477821,0.0115
est_01,gve,ml,25.0,402.8584184300071,402.792361424174,0.0164
est_01,gve,ml,50.0,485.3002802260238,485.143698506613,0.0323
est_01,gve,ml,100.0,572.4173508468422,572.137987591976,0.0488
est_01,gve,ml,200.0,664.7893350520948,664.351191355879,0.066
est_01,gve,ml,500.0,795.7742738799831,795.063904092719,0.0893
est_01,gamma2p,ml,2.0,110.80720347611832,109.896822634259,0.8284
est_01,gamma2p,ml,5.0,225.3953528599953,226.506718032734,-0.4907
est_01,gamma2p,ml,10.0,308.4880613548104,310.650276297964,-0.696
est_01,gamma2p,ml,20.0,390.76913332620654,393.096164732959,-0.592
est_01,gamma2p,ml,25.0,417.22051668376326,419.387638542916,-0.5167
est_01,gamma2p,ml,50.0,499.49952551722845,500.476855908937,-0.1953
est_01,gamma2p,ml,100.0,582.1580712184017,580.880114676055,0.22
est_01,gamma2p,ml,200.0,665.3671248399787,660.766588805539,0.6962
est_01,gamma2p,ml,500.0,776.3749346001835,765.763952053341,1.3857
est_02,normal,ml,2.0,142.5833435172538,142.583333333333,0.0
est_02,normal,ml,5.0,227.42256052431026,227.46088131686,-0.0168
est_02,normal,ml,10.0,271.81265069142773,271.827879643193,-0.0056
est_02,normal,ml,20.0,308.46051307269823,308.466912642239,-0.0021
est_02,normal,ml,25.0,319.1342795518799,319.140120507031,-0.0018
est_02,normal,ml,50.0,349.6953199362157,349.704024630823,-0.0025
est_02,normal,ml,100.0,377.17967724768334,377.19564517702,-0.0042
est_02,normal,ml,200.0,402.33035738336616,402.355861149915,-0.0063
est_02,normal,ml,500.0,432.8065006200144,432.84610400672,-0.0091
est_02,gumbel,ml,2.0,125.28729550997137,125.287323017285,-0.0
est_02,gumbel,ml,5.0,218.3272143414964,218.32724184881,-0.0
est_02,gumbel,ml,10.0,279.9277362784288,279.927763785743,-0.0
est_02,gumbel,ml,20.0,339.0164358594651,339.016463366779,-0.0
est_02,gumbel,ml,25.0,357.76015904556084,357.760186552875,-0.0
est_02,gumbel,ml,50.0,415.500696490023,415.500723997337,-0.0
est_02,gumbel,ml,100.0,472.8148868695763,472.81491437689,-0.0
est_02,gumbel,ml,200.0,529.9199473959072,529.919974903223,-0.0
est_02,gumbel,ml,500.0,605.2592313792748,605.259258886593,-0.0
est_02,gve,ml,2.0,109.26882178489927,109.314636889443,-0.0419
est_02,gve,ml,5.0,196.0893435370599,196.175833118521,-0.0441
est_02,gve,ml,10.0,270.6257482225576,270.688803166307,-0.0233
est_02,gve,ml,20.0,358.34050983027237,358.321542153961,0.0053
est_02,gve,ml,25.0,390.0412063235327,389.980182997273,0.0156
est_02,gve,ml,50.0,501.37292692043275,501.119426888907,0.0506
est_02,gve,ml,100.0,635.6770538533328,635.111908210385,0.089
est_02,gve,ml,200.0,798.1302631036651,797.092623423796,0.1302
est_02,gve,ml,500.0,1066.712910498383,1064.70949891719,0.1882
est_02,gamma2p,ml,2.0,116.8876030002275,116.301199930109,0.5042
est_02,gamma2p,ml,5.0,216.24920284054073,217.051344423884,-0.3696
est_02,gamma2p,ml,10.0,285.4888488922633,286.886948751455,-0.4873
est_02,gamma2p,ml,20.0,352.69528613806364,354.08243379067,-0.3918
est_02,gamma2p,ml,25.0,374.08194703147353,375.325623332157,-0.3314
est_02,gamma2p,ml,50.0,440.05998420463294,440.410992299388,-0.0797
est_02,gamma2p,ml,100.0,505.64889036080507,504.426964883015,0.2422
est_02,gamma2p,ml,200.0,571.1060894372816,567.63516736017,0.6115
est_02,gamma2p,ml,500.0,657.7046197628447,650.240472669009,1.1479
est_03,normal,ml,2.0,62.39024964170829,62.390243902439,0.0
est_03,normal,ml,5.0,110.2023974452396,110.223993582757,-0.0196
est_03,normal,ml,10.0,135.2189596785494,135.227542135087,-0.0063
est_03,normal,ml,20.0,155.8722975412862,155.875904094665,-0.0023
est_03,normal,ml,25.0,161.88762534046384,161.890917080072,-0.002
est_03,normal,ml,50.0,179.11066241498116,179.115568048954,-0.0027
est_03,normal,ml,100.0,194.5997982229137,194.608797139034,-0.0046
est_03,normal,ml,200.0,208.7737625571978,208.788135507571,-0.0069
est_03,normal,ml,500.0,225.94895483638896,225.971273795067,-0.0099
est_03,gumbel,ml,2.0,52.64285647950621,52.6428719815795,-0.0
est_03,gumbel,ml,5.0,105.07660714025823,105.076622642332,-0.0
est_03,gumbel,ml,10.0,139.79231248886276,139.792327990936,-0.0
est_03,gumbel,ml,20.0,173.0924505329466,173.09246603502,-0.0
est_03,gumbel,ml,25.0,183.6556982263753,183.655713728449,-0.0
est_03,gumbel,ml,50.0,216.19606349542704,216.1960789975,-0.0
est_03,gumbel,ml,100.0,248.49615581522067,248.496171317294,-0.0
est_03,gumbel,ml,200.0,280.67839052381595,280.67840602589,-0.0
est_03,gumbel,ml,500.0,323.1367383056606,323.136753807736,-0.0
est_03,gve,ml,2.0,38.46168854166402,38.4533680686895,0.0216
est_03,gve,ml,5.0,80.53174723027686,80.5078072683221,0.0297
est_03,gve,ml,10.0,123.20453911784183,123.177241652291,0.0222
est_03,gve,ml,20.0,180.56774926379336,180.549403051221,0.0102
est_03,gve,ml,25.0,203.10152855842315,203.089989774025,0.0057
est_03,gve,ml,50.0,289.4269915969562,289.454875001369,-0.0096
est_03,gve,ml,100.0,407.67015754701345,407.778563378131,-0.0266
est_03,gve,ml,200.0,569.9579643585216,570.213105457763,-0.0447
est_03,gve,ml,500.0,881.1478216961317,881.766119406271,-0.0701
est_03,gamma2p,ml,2.0,42.60353273239194,41.9795413377925,1.4864
est_03,gamma2p,ml,5.0,100.27403508233682,100.973938363917,-0.6932
est_03,gamma2p,ml,10.0,144.63892231690966,146.221693644655,-1.0824
est_03,gamma2p,ml,20.0,189.84974345096043,191.731747815188,-0.9816
est_03,gamma2p,ml,25.0,204.59372035805333,206.42138024416,-0.8854
est_03,gamma2p,ml,50.0,250.9876123934056,252.140953788648,-0.4574
est_03,gamma2p,ml,100.0,298.27676220883933,297.966063211718,0.1043
est_03,gamma2p,ml,200.0,346.44579394900035,343.87035595231,0.749
est_03,gamma2p,ml,500.0,411.4369723906052,404.645075775599,1.6785
est_04,normal,ml,2.0,24.027779594179542,24.0277777777778,0.0
est_04,normal,ml,5.0,39.15968324080419,39.1665181287367,-0.0175
est_04,normal,ml,10.0,47.07708973004527,47.0798059624538,-0.0058
est_04,normal,ml,20.0,53.61359421431017,53.6147356400928,-0.0021
est_04,normal,ml,25.0,55.51736480069023,55.518406592136,-0.0019
est_04,normal,ml,50.0,60.96822508382922,60.9697776511998,-0.0025
est_04,normal,ml,100.0,65.87032886670525,65.873176902987,-0.0043
est_04,normal,ml,200.0,70.35619851385883,70.3607473599191,-0.0065
est_04,normal,ml,500.0,75.79191656084805,75.7989802119854,-0.0093
est_04,gumbel,ml,2.0,20.942860365235884,20.9428652714342,-0.0
est_04,gumbel,ml,5.0,37.53743934315498,37.5374442493533,-0.0
est_04,gumbel,ml,10.0,48.5244945684987,48.524499474697,-0.0
est_04,gumbel,ml,20.0,59.063541723898815,59.0635466300972,-0.0
est_04,gumbel,ml,25.0,62.406667971839255,62.4066728780376,-0.0
est_04,gumbel,ml,50.0,72.7052572320543,72.7052621382526,-0.0
est_04,gumbel,ml,100.0,82.92780332575016,82.9278082319484,-0.0
est_04,gumbel,ml,200.0,93.113049065904,93.1130539721026,-0.0
est_04,gumbel,ml,500.0,106.55054679702035,106.550551703219,-0.0
est_04,gve,ml,2.0,18.809718970702704,18.8180201852956,-0.0441
est_04,gve,ml,5.0,34.830303542135375,34.8435655654421,-0.0381
est_04,gve,ml,10.0,47.67907101490391,47.6864509611775,-0.0155
est_04,gve,ml,20.0,62.006274654116055,61.9984160650358,0.0127
est_04,gve,ml,25.0,67.01058730367481,66.995482633323,0.0225
est_04,gve,ml,50.0,83.98365691291657,83.9373529294964,0.0552
est_04,gve,ml,100.0,103.43261637928262,103.339335226198,0.0903
est_04,gve,ml,200.0,125.78489717727545,125.62480097792,0.1274
est_04,gve,ml,500.0,160.59668200899478,160.30924390607,0.1793
est_04,gamma2p,ml,2.0,19.126467662766927,19.0043413022568,0.6426
est_04,gamma2p,ml,5.0,36.97150131764817,37.1290825166113,-0.4244
est_04,gamma2p,ml,10.0,49.63947220817065,49.9287484279178,-0.5794
est_04,gamma2p,ml,20.0,62.051322422337975,62.3498831438811,-0.4788
est_04,gamma2p,ml,25.0,66.02003344722985,66.2928229237782,-0.4115
est_04,gamma2p,ml,50.0,78.31134004656178,78.4114282817823,-0.1276
est_04,gamma2p,ml,100.0,90.59114030774279,90.3768741742907,0.2371
est_04,gamma2p,ml,200.0,102.89668103494988,102.226769553451,0.6553
est_04,gamma2p,ml,500.0,119.24150187495921,117.755575440531,1.2619
est_05,normal,ml,2.0,44.46667085194143,44.4666666666667,0.0
est_05,normal,ml,5.0,79.33295197299199,79.3487006275995,-0.0198
est_05,normal,ml,10.0,97.57589924850456,97.5821578743164,-0.0064
est_05,normal,ml,20.0,112.63703155674679,112.639661580909,-0.0023
est_05,normal,ml,25.0,117.02361780556426,117.026018256576,-0.0021
est_05,normal,ml,50.0,129.58325547057717,129.586832829492,-0.0028
est_05,normal,ml,100.0,140.87847202559712,140.885034348221,-0.0047
est_05,normal,ml,200.0,151.21461979937257,151.225101054687,-0.0069
est_05,normal,ml,500.0,163.73936737555542,163.755643136494,-0.0099
est_05,gumbel,ml,2.0,37.358532736346405,37.3585440409974,-0.0
est_05,gumbel,ml,5.0,75.59504740373028,75.5950587083813,-0.0
est_05,gumbel,ml,10.0,100.91094718245985,100.910958487111,-0.0
est_05,gumbel,ml,20.0,125.19456604822986,125.194577352881,-0.0
est_05,gumbel,ml,25.0,132.8976536640339,132.897664968685,-0.0
est_05,gumbel,ml,50.0,156.62721979677792,156.627231101429,-0.0
est_05,gumbel,ml,100.0,180.18157053804777,180.181581842699,-0.0
est_05,gumbel,ml,200.0,203.64997541005476,203.649986714706,-0.0
est_05,gumbel,ml,500.0,234.61207934607143,234.612090650724,-0.0
est_05,gve,ml,2.0,31.312974235879196,31.3324759424825,-0.0622
est_05,gve,ml,5.0,67.44447062369414,67.4793331954343,-0.0517
est_05,gve,ml,10.0,97.7825030542824,97.8059802844007,-0.024
est_05,gve,ml,20.0,132.8613287563058,132.849412672065,0.009
est_05,gve,ml,25.0,145.39882490653673,145.369237921077,0.0204
est_05,gve,ml,50.0,188.93058441188472,188.821802421744,0.0576
est_05,gve,ml,100.0,240.56970242287878,240.335792160142,0.0973
est_05,gve,ml,200.0,301.9967111512748,301.577083581303,0.1391
est_05,gve,ml,500.0,401.5884973876382,400.797956692849,0.1972
est_05,gamma2p,ml,2.0,29.595300810986963,29.1182357600021,1.6384
est_05,gamma2p,ml,5.0,71.74061839169211,72.2732297737604,-0.7369
est_05,gamma2p,ml,10.0,104.541410301293,105.779599583761,-1.1705
est_05,gamma2p,ml,20.0,138.15255431428457,139.651095604097,-1.0731
est_05,gamma2p,ml,25.0,149.14352690713764,150.609111787981,-0.9731
est_05,gamma2p,ml,50.0,183.80330786732824,184.772237083768,-0.5244
est_05,gamma2p,ml,100.0,219.22787164119654,219.082144105322,0.0665
est_05,gamma2p,ml,200.0,255.39060527502627,253.502090962045,0.745
est_05,gamma2p,ml,500.0,304.2841147813888,299.131276842923,1.7226
est_06,normal,ml,2.0,44.18421322062072,44.1842105263158,0.0
est_06,normal,ml,5.0,66.62966748309132,66.639805808583,-0.0152
est_06,normal,ml,10.0,78.37371432489692,78.3777433665638,-0.0051
est_06,normal,ml,20.0,88.06944170092525,88.0711348005375,-0.0019
est_06,normal,ml,25.0,90.89334255442839,90.8948878644431,-0.0017
est_06,normal,ml,50.0,98.97871224970825,98.9810152038321,-0.0023
est_06,normal,ml,100.0,106.25010049126448,106.254325040243,-0.004
est_06,normal,ml,200.0,112.90408034363091,112.910827737652,-0.006
est_06,normal,ml,500.0,120.96698925824046,120.977466912753,-0.0087
est_06,gumbel,ml,2.0,39.60829104495208,39.6082983224138,-0.0
est_06,gumbel,ml,5.0,64.22336077789501,64.2233680553568,-0.0
est_06,gumbel,ml,10.0,80.52067876899262,80.5206860464544,-0.0
est_06,gumbel,ml,20.0,96.15345746100606,96.1534647384678,-0.0
est_06,gumbel,ml,25.0,101.11238325409688,101.112390531559,-0.0
est_06,gumbel,ml,50.0,116.38848595778346,116.388493235245,-0.0
est_06,gumbel,ml,100.0,131.5517923170088,131.55179959447,-0.0
est_06,gumbel,ml,200.0,146.65977031841783,146.65977759588,-0.0
est_06,gumbel,ml,500.0,166.5918785163908,166.591885793854,-0.0
est_06,gve,ml,2.0,36.48202479870928,36.4942872234596,-0.0336
est_06,gve,ml,5.0,60.26818722468983,60.2876646212283,-0.0323
est_06,gve,ml,10.0,79.30011775857491,79.3108373775692,-0.0135
est_06,gve,ml,20.0,100.48243386534892,100.470641639134,0.0117
est_06,gve,ml,25.0,107.8724035612119,107.849931617677,0.0208
est_06,gve,ml,50.0,132.9067864539296,132.838421135883,0.0515
est_06,gve,ml,100.0,161.54201320713503,161.404711623521,0.0851
est_06,gve,ml,200.0,194.39372873732404,194.158590617761,0.1211
est_06,gve,ml,500.0,245.4520680610876,245.030906675117,0.1719
est_06,gamma2p,ml,2.0,38.50993745287947,38.4108546584333,0.258
est_06,gamma2p,ml,5.0,64.31111899581694,64.4728963540725,-0.2509
est_06,gamma2p,ml,10.0,81.51247997135121,81.7605289059016,-0.3034
est_06,gamma2p,ml,20.0,97.83128299203356,98.0520832217201,-0.2252
est_06,gamma2p,ml,25.0,102.9632430502752,103.150145025512,-0.1812
est_06,gamma2p,ml,50.0,118.64288321973501,118.645729198016,-0.0024
est_06,gamma2p,ml,100.0,134.03684667573904,133.737029920294,0.2242
est_06,gamma2p,ml,200.0,149.24151370344208,148.522140115916,0.4844
est_06,gamma2p,ml,500.0,169.15468312542356,167.705199141895,0.8643
est_07,normal,ml,2.0,52.6947397190348,52.6947368421053,0.0
est_07,normal,ml,5.0,76.66158536751723,76.6724108860989,-0.0141
est_07,normal,ml,10.0,89.2016638464244,89.2059659834456,-0.0048
est_07,normal,ml,20.0,99.55458425310002,99.5563921139078,-0.0018
est_07,normal,ml,25.0,102.56989394971374,102.571544003492,-0.0016
est_07,normal,ml,50.0,111.20330387012228,111.205762922426,-0.0022
est_07,normal,ml,100.0,118.96755927781773,118.972070173972,-0.0038
est_07,normal,ml,200.0,126.07255729678964,126.07976204075,-0.0057
est_07,normal,ml,500.0,134.68198400629166,134.693171854197,-0.0083
est_07,gumbel,ml,2.0,47.808653690155,47.8086614608956,-0.0
est_07,gumbel,ml,5.0,74.0921750667965,74.0921828375371,-0.0
est_07,gumbel,ml,10.0,91.49415322279033,91.4941609935309,-0.0
est_07,gumbel,ml,20.0,108.18654846625958,108.186556237,-0.0
est_07,gumbel,ml,25.0,113.4815987546383,113.481606525379,-0.0
est_07,gumbel,ml,50.0,129.79314189955846,129.793149670299,-0.0
est_07,gumbel,ml,100.0,145.98424317033326,145.984250941074,-0.0
est_07,gumbel,ml,200.0,162.11626583230554,162.116273603047,-0.0
est_07,gumbel,ml,500.0,183.39940650940977,183.399414280152,-0.0
est_07,gve,ml,2.0,47.017533020636236,47.0215886564571,-0.0086
est_07,gve,ml,5.0,73.26569459628962,73.2701785653523,-0.0061
est_07,gve,ml,10.0,91.43070719543336,91.431357377153,-0.0007
est_07,gve,ml,20.0,109.46828123678277,109.461915513645,0.0058
est_07,gve,ml,25.0,115.31887538269528,115.309565275845,0.0081
est_07,gve,ml,50.0,133.74202728423052,133.721360705198,0.0155
est_07,gve,ml,100.0,152.64228597503114,152.60676396279,0.0233
est_07,gve,ml,200.0,172.10142851518074,172.047330874817,0.0314
est_07,gve,ml,500.0,198.76832619256425,198.683559736578,0.0427
est_07,gamma2p,ml,2.0,47.33257987450344,47.2559139309724,0.1622
est_07,gamma2p,ml,5.0,74.54842652634417,74.6908904569149,-0.1907
est_07,gamma2p,ml,10.0,92.22897994093447,92.4308016530478,-0.2183
est_07,gamma2p,ml,20.0,108.77384922679305,108.940179526197,-0.1527
est_07,gamma2p,ml,25.0,113.93957837216063,114.073941466866,-0.1178
est_07,gamma2p,ml,50.0,129.62902750871388,129.600338550545,0.0221
est_07,gamma2p,ml,100.0,144.91416622811334,144.626949375151,0.1986
est_07,gamma2p,ml,200.0,159.91392982706853,159.274514106551,0.4015
est_07,gamma2p,ml,500.0,179.4340894612544,178.188881674777,0.6988
est_08,normal,ml,2.0,156.66256693478238,156.662558139535,0.0
est_08,normal,ml,5.0,229.93316196569629,229.966257359209,-0.0144
est_08,normal,ml,10.0,268.27024751128886,268.283399852823,-0.0049
est_08,normal,ml,20.0,299.9208305554888,299.926357483774,-0.0018
est_08,normal,ml,25.0,309.13912898798867,309.144173474189,-0.0016
est_08,normal,ml,50.0,335.53288523326177,335.540402961218,-0.0022
est_08,normal,ml,100.0,359.26949296369366,359.283283516284,-0.0038
est_08,normal,ml,200.0,380.99064226214125,381.012668351213,-0.0058
est_08,normal,ml,500.0,407.31107788109387,407.345280975034,-0.0084
est_08,gumbel,ml,2.0,141.72499709521833,141.725020851652,-0.0
est_08,gumbel,ml,5.0,222.07805143619325,222.078075192627,-0.0
est_08,gumbel,ml,10.0,275.2787651598772,275.278788916311,-0.0
est_08,gumbel,ml,20.0,326.3101670355609,326.310190791995,-0.0
est_08,gumbel,ml,25.0,342.4980079821098,342.498031738544,-0.0
est_08,gumbel,ml,50.0,392.36508225754335,392.365106013977,-0.0
est_08,gumbel,ml,100.0,441.86394588420393,441.863969640638,-0.0
est_08,gumbel,ml,200.0,491.1821964721674,491.182220228603,-0.0
est_08,gumbel,ml,500.0,556.2482633384517,556.24828709489,-0.0
est_08,gve,ml,2.0,138.26517399116648,138.282641518774,-0.0126
est_08,gve,ml,5.0,218.37111312260504,218.39139275734,-0.0093
est_08,gve,ml,10.0,274.8786129575422,274.882726167379,-0.0015
est_08,gve,ml,20.0,331.8362136816455,331.809701062914,0.008
est_08,gve,ml,25.0,350.48922600579033,350.449673418594,0.0113
est_08,gve,ml,50.0,409.78914151061446,409.698628138239,0.0221
est_08,gve,ml,100.0,471.4996261794042,471.34128303081,0.0336
est_08,gve,ml,200.0,535.9435359715303,535.698994290966,0.0456
est_08,gve,ml,500.0,625.724542151095,625.335078660808,0.0623
est_08,gamma2p,ml,2.0,139.76069790884617,139.506355244039,0.1823
est_08,gamma2p,ml,5.0,223.2143516887176,223.671700651135,-0.2045
est_08,gamma2p,ml,10.0,277.76706929292266,278.427634617352,-0.2372
est_08,gamma2p,ml,20.0,328.9850234899827,329.540250204631,-0.1685
est_08,gamma2p,ml,25.0,345.0045045841312,345.458655782127,-0.1315
est_08,gamma2p,ml,50.0,393.72934335821213,393.660597570751,0.0175
est_08,gamma2p,ml,100.0,441.28790938536895,440.382975984239,0.2055
est_08,gamma2p,ml,200.0,488.0323995882547,485.983586388689,0.4216
est_08,gamma2p,ml,500.0,548.9588909973326,544.937066415315,0.738
