estacion,prueba,tesis,metis,r,metis_vs_tesis,metis_vs_r,bloqueo_contrato_metis
est_01,Helmert S-C,17.0,21.0,,4.0,,
est_01,t de Student,7.28,7.352894418371756,7.54391049841718,0.07289,-0.191016,
est_01,Cramer t_w1,3.49608,3.5199325348280506,,0.02385,,
est_01,Cramer t_w2,3.83732,3.8848628024442884,,0.04754,,
est_01,"Anderson, lags fuera de banda",4.0,4.0,4.0,0.0,0.0,
est_01,"Wald-Wolfowitz, rachas",12.0,10.0,10.0,-2.0,0.0,
est_01,Wald-Wolfowitz Z,-2.8,-3.40758083438341,-3.40758083438341,-0.60758,0.0,
est_01,Mann-Kendall Z,,-4.826040249776023,-4.82604024977602,,-0.0,
est_01,Kolmogorov-Smirnov Z,,2.6879360111431225,2.68793601114312,,0.0,
est_02,Helmert S-C,9.0,9.0,,0.0,,
est_02,t de Student,-1.76,-1.7643073041726862,-1.84275887937539,-0.00431,0.078452,
est_02,Cramer t_w1,1.1397,1.1397040134239187,,0.0,,
est_02,Cramer t_w2,1.08774,1.087735261226033,,-0.0,,
est_02,"Anderson, lags fuera de banda",1.0,1.0,1.0,0.0,0.0,
est_02,"Wald-Wolfowitz, rachas",8.0,8.0,8.0,0.0,0.0,
est_02,Wald-Wolfowitz Z,-2.01,-2.0062402647738877,-2.00624026477389,0.00376,0.0,
est_02,Mann-Kendall Z,,1.6618950014661809,1.66189498066347,,0.0,
est_02,Kolmogorov-Smirnov Z,,1.0206207261596576,1.02062072615966,,-0.0,
est_03,Helmert S-C,6.0,6.0,,0.0,,
est_03,t de Student,1.81,1.8751356989615136,1.92370669373964,0.06514,-0.048571,
est_03,Cramer t_w1,0.34114,0.3411380085924496,,-0.0,,
est_03,Cramer t_w2,0.98606,0.9860578672952841,,-0.0,,
est_03,"Anderson, lags fuera de banda",1.0,1.0,1.0,0.0,0.0,
est_03,"Wald-Wolfowitz, rachas",18.0,18.0,18.0,0.0,0.0,
est_03,Wald-Wolfowitz Z,0.42,0.3661123907560356,0.366112390756036,-0.05389,-0.0,
est_03,Mann-Kendall Z,,-0.7867486450323444,-0.786748636944539,,-0.0,
est_03,Kolmogorov-Smirnov Z,,0.9601829094043463,0.960182909404346,,0.0,
est_04,Helmert S-C,-5.0,-5.0,,0.0,,
est_04,t de Student,1.63,1.627202726558698,1.6743777920691,-0.0028,-0.047175,
est_04,Cramer t_w1,1.39809,1.398085242360132,,-0.0,,
est_04,Cramer t_w2,0.92725,0.9272504835441375,,0.0,,
est_04,"Anderson, lags fuera de banda",0.0,0.0,0.0,0.0,0.0,
est_04,"Wald-Wolfowitz, rachas",21.0,21.0,21.0,0.0,0.0,
est_04,Wald-Wolfowitz Z,1.25,1.2450164884399015,1.2450164884399,-0.00498,0.0,
est_04,Mann-Kendall Z,,-1.1740500370384932,-1.17405005484512,,0.0,
est_04,Kolmogorov-Smirnov Z,,0.8333333333333334,0.833333333333333,,0.0,
est_05,Helmert S-C,0.0,0.0,,0.0,,
est_05,t de Student,2.08,1.8171690375904948,1.86640290555053,-0.26283,-0.049234,
est_05,Cramer t_w1,1.2688,1.2686061254200782,,-0.00019,,
est_05,Cramer t_w2,1.49884,1.3214851128216802,,-0.17735,,
est_05,"Anderson, lags fuera de banda",0.0,0.0,0.0,0.0,0.0,
est_05,"Wald-Wolfowitz, rachas",20.0,20.0,20.0,0.0,0.0,
est_05,Wald-Wolfowitz Z,0.37,0.37155739150293116,0.371557391502931,0.00156,0.0,
est_05,Mann-Kendall Z,,-0.956189453673046,-0.956189453673046,,0.0,
est_05,Kolmogorov-Smirnov Z,,0.8707265026259213,0.870726502625922,,-0.0,
est_06,Helmert S-C,13.0,13.0,,0.0,,
est_06,t de Student,0.81,0.8074562305513303,0.829582415732528,-0.00254,-0.022126,
est_06,Cramer t_w1,0.49163,0.4916308138891001,,0.0,,
est_06,Cramer t_w2,0.76928,0.769278632339561,,-0.0,,
est_06,"Anderson, lags fuera de banda",0.0,0.0,0.0,0.0,0.0,
est_06,"Wald-Wolfowitz, rachas",13.0,13.0,13.0,0.0,0.0,
est_06,Wald-Wolfowitz Z,-2.2,-2.2030740690079744,-2.20307406900797,-0.00307,-0.0,
est_06,Mann-Kendall Z,,-0.36480633028194265,-0.364806325583976,,-0.0,
est_06,Kolmogorov-Smirnov Z,,0.6488856845230501,0.64888568452305,,0.0,
est_07,Helmert S-C,-4.0,-4.0,,0.0,,
est_07,t de Student,-0.06,0.3205850327055102,0.338842222255065,0.38059,-0.018257,
est_07,Cramer t_w1,0.82742,1.077871120271344,,0.25045,,
est_07,Cramer t_w2,0.50977,0.5097701499219346,,0.0,,
est_07,"Anderson, lags fuera de banda",0.0,0.0,0.0,0.0,0.0,
est_07,"Wald-Wolfowitz, rachas",12.0,12.0,12.0,0.0,0.0,
est_07,Wald-Wolfowitz Z,0.84,0.8422558426384459,0.842255842638446,0.00226,-0.0,
est_07,Mann-Kendall Z,,-0.20991342856239587,-0.209913428562396,,0.0,
est_07,Kolmogorov-Smirnov Z,,0.604563541758343,0.604563541758343,,0.0,
est_08,Helmert S-C,20.0,20.0,,0.0,,
est_08,t de Student,1.47,1.1167184494081261,1.14358975783121,-0.35328,-0.026871,
est_08,Cramer t_w1,0.82176,0.8217743409529233,,1e-05,,
est_08,Cramer t_w2,2.3927,2.392736952358205,,4e-05,,
est_08,"Anderson, lags fuera de banda",1.0,1.0,1.0,0.0,0.0,
est_08,"Wald-Wolfowitz, rachas",12.0,12.0,12.0,0.0,0.0,
est_08,Wald-Wolfowitz Z,-3.2,-3.1958166719691237,-3.19581667196912,0.00418,-0.0,
est_08,Mann-Kendall Z,,-2.6269644113314934,-2.62696445816578,,0.0,
est_08,Kolmogorov-Smirnov Z,,1.021662084980371,1.02166208498037,,0.0,
est_09,Helmert S-C,0.0,,,,,CONTRACT_SERIES_TOO_SHORT
est_09,t de Student,-0.62,,-1.13222548566063,,,CONTRACT_SERIES_TOO_SHORT
est_09,Cramer t_w1,1.02953,2.021644107959192,,0.99211,,CONTRACT_SERIES_TOO_SHORT
est_09,Cramer t_w2,0.20275,0.2027004144004046,,-5e-05,,CONTRACT_SERIES_TOO_SHORT
est_09,"Anderson, lags fuera de banda",0.0,,0.0,,,CONTRACT_SERIES_TOO_SHORT
est_09,"Wald-Wolfowitz, rachas",4.0,,4.0,,,CONTRACT_SERIES_TOO_SHORT
est_09,Wald-Wolfowitz Z,-0.364,,-0.3638034375545,,,CONTRACT_SERIES_TOO_SHORT
est_09,Mann-Kendall Z,,,0.300375708900734,,,CONTRACT_SERIES_TOO_SHORT
est_09,Kolmogorov-Smirnov Z,,,0.545544725589981,,,CONTRACT_SERIES_TOO_SHORT
