estacion,magnitud,hoja_calculo,metis,tesis,dif_pct_hoja_vs_metis
est_01,Media,144.375,144.375,144.725,0.0
est_01,Desvío (n-1),115.777569126409,115.77756912640943,115.794,-0.0
est_01,Asimetría: SKEW vs g de IV-5,0.77196911380809,0.8018497556165575,0.762,-3.726
est_01,Curtosis: KURT vs k de IV-7,-0.518622285016559,2.7984204701135273,2.649,-118.533
est_01,Autocorrelación lag 1: CORREL vs r1 de III-1,0.559501888145669,0.557339945583495,,0.388
est_01,p-valor t de mitades: T.TEST vs R,4.57276157339235e-09,4.57276157339229e-09,,0.0
est_01,Cuantil normal (momentos) T=2,144.375,144.37501169430735,,-0.0
est_01,Cuantil normal (momentos) T=10,292.749924968898,292.77043970729915,,-0.007
est_01,Cuantil normal (momentos) T=100,413.713901798839,413.7645496826612,,-0.0122
est_01,Cuantil lognormal2p (momentos) T=2,97.7381872630731,97.73819680257681,,-0.0
est_01,Cuantil lognormal2p (momentos) T=10,337.192500749872,337.2502395892204,,-0.0171
est_01,Cuantil lognormal2p (momentos) T=100,925.4122598759,925.8035287732747,,-0.0423
est_01,Cuantil gamma2p (momentos) T=2,114.879224150442,115.58547822462047,,-0.611
est_01,Cuantil gamma2p (momentos) T=10,298.221979631992,296.54809388261924,,0.5645
est_01,Cuantil gamma2p (momentos) T=100,536.887733561499,538.1693907501094,,-0.2382
est_01,Cuantil gumbel (momentos) T=2,125.373594391841,125.37359439184112,,-0.0
est_01,Cuantil gumbel (momentos) T=10,295.497899755345,295.4978997553451,,-0.0
est_01,Cuantil gumbel (momentos) T=100,507.698488067157,507.6984880671567,,0.0
est_02,Media,142.583333333333,142.58333333333334,142.583,-0.0
est_02,Desvío (n-1),108.714991033262,108.71499103326238,108.715,-0.0
est_02,Asimetría: SKEW vs g de IV-5,1.56536817435745,1.668559155919737,1.565,-6.184
est_02,Curtosis: KURT vs k de IV-7,2.28283080639863,5.976876425708308,5.489,-61.806
est_02,Autocorrelación lag 1: CORREL vs r1 de III-1,0.6330734497231,0.6302559806827854,,0.447
est_02,p-valor t de mitades: T.TEST vs R,0.0788815753777519,0.0788815753777517,,0.0
est_02,Cuantil normal (momentos) T=2,142.583333333333,142.58334431427315,,-0.0
est_02,Cuantil normal (momentos) T=10,281.907200290178,281.92646360359987,,-0.0068
est_02,Cuantil normal (momentos) T=100,395.492221599932,395.53977989880775,,-0.012
est_02,Cuantil lognormal2p (momentos) T=2,112.009424023167,112.00943193155982,,-0.0
est_02,Cuantil lognormal2p (momentos) T=10,274.348930563934,274.38291306224755,,-0.0124
est_02,Cuantil lognormal2p (momentos) T=100,569.480279686148,569.6544465573204,,-0.0306
est_02,Cuantil gamma2p (momentos) T=2,116.105322420156,116.69919891114908,,-0.5089
est_02,Cuantil gamma2p (momentos) T=10,287.42611331384,286.01103470456707,,0.4948
est_02,Cuantil gamma2p (momentos) T=100,506.219988174029,507.44591531379086,,-0.2416
est_02,Cuantil gumbel (momentos) T=2,124.741037490561,124.74103749056142,,-0.0
est_02,Cuantil gumbel (momentos) T=10,284.487545140414,284.48754514041417,,-0.0
est_02,Cuantil gumbel (momentos) T=100,483.743629282099,483.7436292820993,,-0.0
est_03,Media,62.390243902439,62.390243902439025,62.39,-0.0
est_03,Desvío (n-1),77.2249564741802,77.22495647418019,77.225,0.0
est_03,Asimetría: SKEW vs g de IV-5,3.16973307395287,3.289337903635085,3.17,-3.636
est_03,Curtosis: KURT vs k de IV-7,11.136713790988,14.743740507735971,14.033,-24.465
est_03,Autocorrelación lag 1: CORREL vs r1 de III-1,0.346887808404447,0.34419254763913526,,0.783
est_03,p-valor t de mitades: T.TEST vs R,0.0617124239889049,0.0617124239889052,,-0.0
est_03,Cuantil normal (momentos) T=2,62.390243902439,62.390251702675144,,-0.0
est_03,Cuantil normal (momentos) T=10,161.358007771038,161.3716913350658,,-0.0085
est_03,Cuantil normal (momentos) T=100,242.042357219045,242.07613993406602,,-0.014
est_03,Cuantil lognormal2p (momentos) T=2,38.0809243675045,38.08092840150621,,-0.0
est_03,Cuantil lognormal2p (momentos) T=10,146.022521018232,146.04965916862972,,-0.0186
est_03,Cuantil lognormal2p (momentos) T=100,436.813984517613,437.0144370435695,,-0.0459
est_03,Cuantil gamma2p (momentos) T=2,34.765831983973,35.64411715989209,,-2.464
est_03,Cuantil gamma2p (momentos) T=10,159.183976273375,156.45519509539045,,1.7441
est_03,Cuantil gamma2p (momentos) T=100,358.505808452574,357.696876955114,,0.2262
est_03,Cuantil gumbel (momentos) T=2,49.71609007359,49.716090073590024,,-0.0
est_03,Cuantil gumbel (momentos) T=10,163.190938233102,163.19093823310214,,-0.0
est_03,Cuantil gumbel (momentos) T=100,304.731146062851,304.7311460628508,,0.0
est_04,Media,24.0277777777778,24.02777777777778,24.028,0.0
est_04,Desvío (n-1),19.6998710816828,19.69987108168276,19.7,0.0
est_04,Asimetría: SKEW vs g de IV-5,1.84946369867699,1.9292899234457377,1.849,-4.138
est_04,Curtosis: KURT vs k de IV-7,5.01295462141773,8.531748993189863,8.064,-41.244
est_04,Autocorrelación lag 1: CORREL vs r1 de III-1,-0.301451406436611,-0.29645988089208464,,-1.684
est_04,p-valor t de mitades: T.TEST vs R,0.103232516576023,0.103232516576023,,0.0
est_04,Cuantil normal (momentos) T=2,24.0277777777778,24.027779767596265,,-0.0
est_04,Cuantil normal (momentos) T=10,49.2741784035351,49.2776690425667,,-0.0071
est_04,Cuantil normal (momentos) T=100,69.8565309875291,69.86514886393975,,-0.0123
est_04,Cuantil lognormal2p (momentos) T=2,17.4915534989377,17.491555011144293,,-0.0
est_04,Cuantil lognormal2p (momentos) T=10,52.3851099075918,52.39305529349154,,-0.0152
est_04,Cuantil lognormal2p (momentos) T=100,128.109242560181,128.15721936220035,,-0.0374
est_04,Cuantil gamma2p (momentos) T=2,18.9101165425909,19.036045040618546,,-0.6615
est_04,Cuantil gamma2p (momentos) T=10,50.1700586302194,49.87185761617506,,0.5979
est_04,Cuantil gamma2p (momentos) T=100,91.2161846970755,91.4310037805851,,-0.235
est_04,Cuantil gumbel (momentos) T=2,20.7946364734998,20.794636473499796,,0.0
est_04,Cuantil gumbel (momentos) T=10,49.7417538539198,49.74175385391975,,0.0
est_04,Cuantil gumbel (momentos) T=100,85.8482662357415,85.8482662357415,,0.0
est_05,Media,44.4666666666667,44.46666666666666,44.466,0.0
est_05,Desvío (n-1),45.8212162611287,45.821216261128676,45.822,0.0
est_05,Asimetría: SKEW vs g de IV-5,1.8383328614294,1.9113739651703572,1.838,-3.821
est_05,Curtosis: KURT vs k de IV-7,4.18402420160715,7.636988971026416,7.25,-45.214
est_05,Autocorrelación lag 1: CORREL vs r1 de III-1,-0.176252605177079,-0.17463236379562147,,-0.928
est_05,p-valor t de mitades: T.TEST vs R,0.06992611736914,0.0699261173691403,,-0.0
est_05,Cuantil normal (momentos) T=2,44.4666666666667,44.46667129491538,,-0.0
est_05,Cuantil normal (momentos) T=10,103.188918101274,103.19703720648482,,-0.0079
est_05,Cuantil normal (momentos) T=100,151.062755701709,151.08280058307324,,-0.0133
est_05,Cuantil lognormal2p (momentos) T=2,23.1201227492892,23.120125971709477,,-0.0
est_05,Cuantil lognormal2p (momentos) T=10,135.51648161952,135.54961980408095,,-0.0244
est_05,Cuantil lognormal2p (momentos) T=100,572.944509751408,573.2904670277476,,-0.0603
est_05,Cuantil gamma2p (momentos) T=2,30.0719901718983,30.511575829824846,,-1.4407
est_05,Cuantil gamma2p (momentos) T=10,103.9113129981,102.80139792009122,,1.0797
est_05,Cuantil gamma2p (momentos) T=100,211.086409744221,211.3109603801391,,-0.1063
est_05,Cuantil gumbel (momentos) T=2,36.9464922304056,36.94649223040561,,-0.0
est_05,Cuantil gumbel (momentos) T=10,104.276482367133,104.27648236713289,,0.0
est_05,Cuantil gumbel (momentos) T=100,188.258976740962,188.25897674096166,,0.0
est_06,Media,44.1842105263158,44.18421052631579,44.184,0.0
est_06,Desvío (n-1),27.8449910708958,27.844991070895762,27.845,0.0
est_06,Asimetría: SKEW vs g de IV-5,1.10420462510251,1.149270795204589,1.104,-3.921
est_06,Curtosis: KURT vs k de IV-7,0.185607543713976,3.5406950162923274,3.357,-94.758
est_06,Autocorrelación lag 1: CORREL vs r1 de III-1,0.193030396325182,0.1915442524227005,,0.776
est_06,p-valor t de mitades: T.TEST vs R,0.412242238999305,0.412242238999305,,0.0
est_06,Cuantil normal (momentos) T=2,44.1842105263158,44.184213338845765,,-0.0
est_06,Cuantil normal (momentos) T=10,79.8690024257977,79.87393630644405,,-0.0062
est_06,Cuantil normal (momentos) T=100,108.96134630678,108.97352733531142,,-0.0112
est_06,Cuantil lognormal2p (momentos) T=2,37.0398777284581,37.039879947900936,,-0.0
est_06,Cuantil lognormal2p (momentos) T=10,79.2218456955862,79.23017356046391,,-0.0105
est_06,Cuantil lognormal2p (momentos) T=100,147.239182184176,147.27739780855202,,-0.0259
est_06,Cuantil gamma2p (momentos) T=2,38.4926572510427,38.58921143938696,,-0.2502
est_06,Cuantil gamma2p (momentos) T=10,81.4887963277431,81.2464146099992,,0.2983
est_06,Cuantil gamma2p (momentos) T=100,132.920377229156,133.21654870231643,,-0.2223
est_06,Cuantil gumbel (momentos) T=2,39.6142927651649,39.614292765164905,,-0.0
est_06,Cuantil gumbel (momentos) T=10,80.5299018899082,80.52990188990816,,0.0
est_06,Cuantil gumbel (momentos) T=100,131.565033577031,131.56503357703056,,0.0
est_07,Media,52.6947368421053,52.69473684210526,52.695,0.0
est_07,Desvío (n-1),28.3584099555084,28.358409955508407,28.358,-0.0
est_07,Asimetría: SKEW vs g de IV-5,0.873742002202065,0.9475559373497658,0.874,-7.79
est_07,Curtosis: KURT vs k de IV-7,0.430496080705946,4.238211551366702,3.804,-89.843
est_07,Autocorrelación lag 1: CORREL vs r1 de III-1,0.10961246185944,0.10495338240451337,,4.439
est_07,p-valor t de mitades: T.TEST vs R,0.738877919569574,0.738877919569574,,0.0
est_07,Cuantil normal (momentos) T=2,52.6947368421053,52.69473970649397,,-0.0
est_07,Cuantil normal (momentos) T=10,89.0375015169427,89.04252637077309,,-0.0056
est_07,Cuantil normal (momentos) T=100,118.666263553281,118.67866918127638,,-0.0105
est_07,Cuantil lognormal2p (momentos) T=2,45.5566723357562,45.5566749958824,,-0.0
est_07,Cuantil lognormal2p (momentos) T=10,95.5660148519904,95.57580450808497,,-0.0102
est_07,Cuantil lognormal2p (momentos) T=100,174.829305712395,174.8735244343605,,-0.0253
est_07,Cuantil gamma2p (momentos) T=2,47.7042208833652,47.76953016925392,,-0.1367
est_07,Cuantil gamma2p (momentos) T=10,90.7200072245771,90.54452407260516,,0.1938
est_07,Cuantil gamma2p (momentos) T=100,139.798995025364,140.06220774435502,,-0.1879
est_07,Cuantil gumbel (momentos) T=2,48.040556813686,48.04055681368599,,0.0
est_07,Cuantil gumbel (momentos) T=10,89.7105869524848,89.71058695248479,,0.0
est_07,Cuantil gumbel (momentos) T=100,141.686728113094,141.68672811309375,,0.0
est_08,Media,156.662558139535,156.66255813953487,156.657,0.0
est_08,Desvío (n-1),88.1822767554586,88.18227675545863,88.18,-0.0
est_08,Asimetría: SKEW vs g de IV-5,0.917770260057334,0.9507421061754822,0.918,-3.468
est_08,Curtosis: KURT vs k de IV-7,0.331201602869775,3.6447170747463637,3.477,-90.913
est_08,Autocorrelación lag 1: CORREL vs r1 de III-1,0.41651276658654,0.39728244753529035,,4.84
est_08,p-valor t de mitades: T.TEST vs R,0.259427162670147,0.259427162670146,,0.0
est_08,Cuantil normal (momentos) T=2,156.662558139535,156.66256704653347,,-0.0
est_08,Cuantil normal (momentos) T=10,269.67269296878,269.68831807088657,,-0.0058
est_08,Cuantil normal (momentos) T=100,361.805210197677,361.84378628579145,,-0.0107
est_08,Cuantil lognormal2p (momentos) T=2,133.917567447428,133.91757528867063,,-0.0
est_08,Cuantil lognormal2p (momentos) T=10,281.499190137637,281.5281061420081,,-0.0103
est_08,Cuantil lognormal2p (momentos) T=100,515.836359199765,515.9671873396316,,-0.0254
est_08,Cuantil gamma2p (momentos) T=2,140.46415389714,140.6928339609956,,-0.1625
est_08,Cuantil gamma2p (momentos) T=10,274.905741337074,274.30399322290015,,0.2194
est_08,Cuantil gamma2p (momentos) T=100,430.28384337107,431.1392534959531,,-0.1984
est_08,Cuantil gumbel (momentos) T=2,142.190089761382,142.1900897613818,,0.0
est_08,Cuantil gumbel (momentos) T=10,271.765694877215,271.76569487721457,,0.0
est_08,Cuantil gumbel (momentos) T=100,433.388806740555,433.3888067405551,,-0.0
