estacion,distribucion,metodo,beta_forma,T,metis_formula_tesis,inversa_exacta,dif_pct
est_01,gamma2p,momentos,1.55502,2.0,115.58547822462047,114.8794448081554,0.6146
est_01,gamma2p,momentos,1.55502,5.0,221.57250904620201,222.49353179729388,-0.414
est_01,gamma2p,momentos,1.55502,10.0,296.54809388261924,298.2222733148794,-0.5614
est_01,gamma2p,momentos,1.55502,20.0,369.87834457419984,371.5937997148968,-0.4616
est_01,gamma2p,momentos,1.55502,25.0,393.3047631796107,394.86685595316214,-0.3956
est_01,gamma2p,momentos,1.55502,50.0,465.8046953030283,466.35442945793807,-0.1179
est_01,gamma2p,momentos,1.55502,100.0,538.1693907501094,536.8880331548897,0.2387
est_01,gamma2p,momentos,1.55502,200.0,610.6302759340475,606.7017529107602,0.6475
est_01,gamma2p,momentos,1.55502,500.0,706.8051352896701,698.1435574871779,1.2407
est_01,gamma2p,mv,1.43093,2.0,113.28696450940637,112.48389467386902,0.7139
est_01,gamma2p,mv,1.43093,5.0,223.51072094234593,224.52281359983286,-0.4508
est_01,gamma2p,mv,1.43093,10.0,302.430669530703,304.3328923325968,-0.625
est_01,gamma2p,mv,1.43093,20.0,380.08782698363166,382.08539661756095,-0.5228
est_01,gamma2p,mv,1.43093,25.0,404.9730885115979,406.8129298380722,-0.4523
est_01,gamma2p,mv,1.43093,50.0,482.1805943562541,482.92103882885726,-0.1533
est_01,gamma2p,mv,1.43093,100.0,559.4898775179228,558.197071571212,0.2316
est_01,gamma2p,mv,1.43093,200.0,637.1048129449579,632.8457037865586,0.673
est_01,gamma2p,mv,1.43093,500.0,740.3813145768959,730.7884037472252,1.3127
est_01,gamma2p,ml,1.31603,2.0,110.80720347611832,109.89690773631422,0.8283
est_01,gamma2p,ml,1.31603,5.0,225.3953528599953,226.50680714070558,-0.4907
est_01,gamma2p,ml,1.31603,10.0,308.4880613548104,310.650355454785,-0.6961
est_01,gamma2p,ml,1.31603,20.0,390.76913332620654,393.09622857581513,-0.592
est_01,gamma2p,ml,1.31603,25.0,417.22051668376326,419.3876966657567,-0.5167
est_01,gamma2p,ml,1.31603,50.0,499.49952551722845,500.4768944309754,-0.1953
est_01,gamma2p,ml,1.31603,100.0,582.1580712184017,580.8801314234751,0.22
est_01,gamma2p,ml,1.31603,200.0,665.3671248399787,660.7665821353988,0.6962
est_01,gamma2p,ml,1.31603,500.0,776.3749346001835,765.7639124906196,1.3857
est_01,gamma3p,momentos,6.2212,2.0,129.17700729170127,129.05870164841394,0.0917
est_01,gamma3p,momentos,6.2212,5.0,234.32039405044924,234.64306255657453,-0.1375
est_01,gamma3p,momentos,6.2212,10.0,298.7354338418265,299.107114980147,-0.1243
est_01,gamma3p,momentos,6.2212,20.0,357.11409663712055,357.3515719860588,-0.0665
est_01,gamma3p,momentos,6.2212,25.0,375.0322862414253,375.1885560210208,-0.0417
est_01,gamma3p,momentos,6.2212,50.0,428.6850481101255,428.4730939644841,0.0495
est_01,gamma3p,momentos,6.2212,100.0,479.9845754339589,479.23226405799136,0.157
est_01,gamma3p,momentos,6.2212,200.0,529.5317216420449,528.0714381346756,0.2765
est_01,gamma3p,momentos,6.2212,500.0,592.998841677364,590.3531069427042,0.4482
est_01,lognormal3p,momentos,,2.0,129.9799836081878,129.97825294044424,0.0013
est_01,lognormal3p,momentos,,5.0,233.4724552098769,233.4928166504593,-0.0087
est_01,lognormal3p,momentos,,10.0,297.2284812568687,297.1989521123661,0.0099
est_01,lognormal3p,momentos,,20.0,355.582437306247,355.5196540870742,0.0177
est_01,lognormal3p,momentos,,25.0,373.62884115608813,373.55868864644947,0.0188
est_01,lognormal3p,momentos,,50.0,428.09966108776143,428.0146431823464,0.0199
est_01,lognormal3p,momentos,,100.0,480.84603146965264,480.7553008422151,0.0189
est_01,lognormal3p,momentos,,200.0,532.4614537309501,532.3712830432278,0.0169
est_01,lognormal3p,momentos,,500.0,599.6071152355629,599.5240883331668,0.0138
est_01,lognormal3p,mv,,2.0,92.87588855481793,92.87627973386786,-0.0004
est_01,lognormal3p,mv,,5.0,220.4457585519877,220.48552858848828,-0.018
est_01,lognormal3p,mv,,10.0,350.77048844155735,350.7080221235285,0.0178
est_01,lognormal3p,mv,,20.0,516.5351590253457,516.3437268487937,0.0371
est_01,lognormal3p,mv,,25.0,578.4178006116113,578.1831791753261,0.0406
est_01,lognormal3p,mv,,50.0,800.3923277253577,800.0252980369152,0.0459
est_01,lognormal3p,mv,,100.0,1072.80672186134,1072.317439595358,0.0456
est_01,lognormal3p,mv,,200.0,1403.329187614071,1402.735994532966,0.0423
est_01,lognormal3p,mv,,500.0,1944.0455298239185,1943.3559362857113,0.0355
est_01,normal,momentos,,2.0,144.37501169430735,144.375,0.0
est_01,normal,momentos,,5.0,241.79681326042504,241.81622318060488,-0.008
est_01,normal,momentos,,10.0,292.77043970729915,292.7504771556228,0.0068
est_01,normal,momentos,,20.0,334.85358123881014,334.81286322118757,0.0122
est_01,normal,momentos,,25.0,347.11038412527984,347.0659319574337,0.0128
est_01,normal,momentos,,50.0,382.20396132943097,382.1539413751311,0.0131
est_01,normal,momentos,,100.0,413.7645496826612,413.7149041607005,0.012
est_01,normal,momentos,,200.0,442.64535098976893,442.5993651062846,0.0104
est_01,normal,momentos,,500.0,477.64143986991945,477.60280982899684,0.0081
est_01,normal,mv,,2.0,144.37501169430735,144.375,0.0
est_01,normal,mv,,5.0,241.79681326042504,241.81622318060488,-0.008
est_01,normal,mv,,10.0,292.77043970729915,292.7504771556228,0.0068
est_01,normal,mv,,20.0,334.85358123881014,334.81286322118757,0.0122
est_01,normal,mv,,25.0,347.11038412527984,347.0659319574337,0.0128
est_01,normal,mv,,50.0,382.20396132943097,382.1539413751311,0.0131
est_01,normal,mv,,100.0,413.7645496826612,413.7149041607005,0.012
est_01,normal,mv,,200.0,442.64535098976893,442.5993651062846,0.0104
est_01,normal,mv,,500.0,477.64143986991945,477.60280982899684,0.0081
est_01,normal,ml,,2.0,144.375011580139,144.375,0.0
est_01,normal,ml,,5.0,240.8457105054505,240.8643495654339,-0.0077
est_01,normal,ml,,10.0,291.3216952546171,291.3010423349918,0.0071
est_01,normal,ml,,20.0,332.9939904827278,332.95253376910546,0.0125
est_01,normal,ml,,25.0,345.13113352503774,345.08590601084745,0.0131
est_01,normal,ml,,50.0,379.88210164767287,379.8311513572066,0.0134
est_01,normal,ml,,100.0,411.13457253186016,411.0838047151603,0.0123
est_01,normal,ml,,200.0,439.7334184044531,439.6861021639708,0.0108
est_01,normal,ml,,500.0,474.3878499551689,474.34760890207986,0.0085
est_01,lognormal2p,momentos,,2.0,97.73819680257681,97.7379580526922,0.0002
est_01,lognormal2p,momentos,,5.0,220.38827924678347,220.4228520585937,-0.0157
est_01,lognormal2p,momentos,,10.0,337.2502395892204,337.19182977888784,0.0173
est_01,lognormal2p,momentos,,20.0,479.1712544503982,479.0047025857848,0.0348
est_01,lognormal2p,momentos,,25.0,530.7841071222117,530.5828928092096,0.0379
est_01,lognormal2p,momentos,,50.0,711.4123039582257,711.1088544626566,0.0427
est_01,lognormal2p,momentos,,100.0,925.8035287732747,925.4106864558734,0.0425
est_01,lognormal2p,momentos,,200.0,1178.1562318729073,1177.691305476352,0.0395
est_01,lognormal2p,momentos,,500.0,1577.8037392531671,1577.2763514546564,0.0334
est_01,lognormal2p,mv,,2.0,97.73819680257681,97.7379580526922,0.0002
est_01,lognormal2p,mv,,5.0,220.38827924678347,220.4228520585937,-0.0157
est_01,lognormal2p,mv,,10.0,337.2502395892204,337.19182977888784,0.0173
est_01,lognormal2p,mv,,20.0,479.1712544503982,479.0047025857848,0.0348
est_01,lognormal2p,mv,,25.0,530.7841071222117,530.5828928092096,0.0379
est_01,lognormal2p,mv,,50.0,711.4123039582257,711.1088544626566,0.0427
est_01,lognormal2p,mv,,100.0,925.8035287732747,925.4106864558734,0.0425
est_01,lognormal2p,mv,,200.0,1178.1562318729073,1177.691305476352,0.0395
est_01,lognormal2p,mv,,500.0,1577.8037392531671,1577.2763514546564,0.0334
est_01,logpearson3,momentos_indirecto,48.9619,2.0,93.35082421509459,93.34447400512511,0.0068
est_01,logpearson3,momentos_indirecto,48.9619,5.0,216.74715742616706,216.85521315791013,-0.0498
est_01,logpearson3,momentos_indirecto,48.9619,10.0,345.94263256281516,345.9949111976289,-0.0151
est_01,logpearson3,momentos_indirecto,48.9619,20.0,516.1985378529564,516.0705843815645,0.0248
est_01,logpearson3,momentos_indirecto,48.9619,25.0,581.440044977721,581.2136933278017,0.0389
est_01,logpearson3,momentos_indirecto,48.9619,50.0,822.5933833558996,821.8666408623798,0.0884
est_01,logpearson3,momentos_indirecto,48.9619,100.0,1132.7439729333682,1131.0721379739687,0.1478
est_01,logpearson3,momentos_indirecto,48.9619,200.0,1528.148478744698,1524.820046116076,0.2183
est_01,logpearson3,momentos_indirecto,48.9619,500.0,2215.497937177149,2208.225597888121,0.3293
est_02,logpearson3,momentos_indirecto,32.7664,2.0,107.556460843434,107.54951808670735,0.0065
est_02,logpearson3,momentos_indirecto,32.7664,5.0,198.62420647828944,198.72341244881827,-0.0499
est_02,logpearson3,momentos_indirecto,32.7664,10.0,280.3951398545414,280.46862862269955,-0.0262
est_02,logpearson3,momentos_indirecto,32.7664,20.0,377.50031566007294,377.4667473805196,0.0089
est_02,logpearson3,momentos_indirecto,32.7664,25.0,412.55966107341357,412.4664304927248,0.0226
est_02,logpearson3,momentos_indirecto,32.7664,50.0,534.9760738239243,534.5835454136545,0.0734
est_02,logpearson3,momentos_indirecto,32.7664,100.0,680.6382279400883,679.7037809455735,0.1375
est_02,logpearson3,momentos_indirecto,32.7664,200.0,853.5393216378636,851.7058549733207,0.2153
est_02,logpearson3,momentos_indirecto,32.7664,500.0,1131.696462248598,1127.868740703424,0.3394
est_02,logpearson3,mv,1.17578,2.0,86.79530548949853,86.16106454292813,0.7361
est_02,logpearson3,mv,1.17578,5.0,198.48562337567466,200.20740363024183,-0.86
est_02,logpearson3,mv,1.17578,10.0,365.5562292642662,372.05576398150765,-1.7469
est_02,logpearson3,mv,1.17578,20.0,672.8626264159201,686.1828091488624,-1.9412
est_02,logpearson3,mv,1.17578,25.0,819.387249710734,834.7045392715034,-1.8351
est_02,logpearson3,mv,1.17578,50.0,1515.647413389706,1530.1388684523283,-0.9471
est_02,logpearson3,mv,1.17578,100.0,2819.445817433526,2796.3965228910074,0.8242
est_02,logpearson3,mv,1.17578,200.0,5278.802859694151,5098.774156909792,3.5308
est_02,logpearson3,mv,1.17578,500.0,12223.688483743832,11249.666191269003,8.6582
est_02,gamma3p,momentos,1.43674,2.0,114.62825727555895,113.90822297814805,0.6321
est_02,gamma3p,momentos,1.43674,5.0,213.92575403992112,214.83550213706343,-0.4235
est_02,gamma3p,momentos,1.43674,10.0,284.9798890945896,286.6865942749613,-0.5953
est_02,gamma3p,momentos,1.43674,20.0,354.8761336239239,356.6662245354617,-0.5019
est_02,gamma3p,momentos,1.43674,25.0,377.27100129872485,378.91887609868724,-0.4349
est_02,gamma3p,momentos,1.43674,50.0,446.7433965138688,447.4028464689494,-0.1474
est_02,gamma3p,momentos,1.43674,100.0,516.2964638255028,515.1299747404697,0.2264
est_02,gamma3p,momentos,1.43674,200.0,586.1155299680242,582.2864075866502,0.6576
est_02,gamma3p,momentos,1.43674,500.0,679.0071001285312,670.3915767026625,1.2851
est_02,gamma2p,momentos,1.72012,2.0,116.69919891114908,116.10532229518728,0.5115
est_02,gamma2p,momentos,1.72012,5.0,216.43636462862193,217.24582036229233,-0.3726
est_02,gamma2p,momentos,1.72012,10.0,286.01103470456707,287.4260866380392,-0.4923
est_02,gamma2p,momentos,1.72012,20.0,353.5788953321156,354.98611623137947,-0.3964
est_02,gamma2p,momentos,1.72012,25.0,375.0864829790232,376.3495876610195,-0.3356
est_02,gamma2p,momentos,1.72012,50.0,441.45244421290977,441.8153938247331,-0.0821
est_02,gamma2p,momentos,1.72012,100.0,507.44591531379086,506.2199194417016,0.2422
est_02,gamma2p,momentos,1.72012,200.0,573.322476089437,569.822859045186,0.6142
est_02,gamma2p,momentos,1.72012,500.0,660.4958568574109,652.9573370753407,1.1545
est_02,gamma2p,mv,2.2268,2.0,122.28704408322884,121.90151065807424,0.3163
est_02,gamma2p,mv,2.2268,5.0,210.169527215686,210.7655870758865,-0.2828
est_02,gamma2p,mv,2.2268,10.0,269.4994262299884,270.44771425916895,-0.3506
est_02,gamma2p,mv,2.2268,20.0,326.1554397023248,327.0281195344982,-0.2669
est_02,gamma2p,mv,2.2268,25.0,344.0336123363719,344.7861989957654,-0.2183
est_02,gamma2p,mv,2.2268,50.0,398.8098965768524,398.88776044683186,-0.0195
est_02,gamma2p,mv,2.2268,100.0,452.7834880876827,451.73100872140583,0.233
est_02,gamma2p,mv,2.2268,200.0,506.254842166491,503.62194090217287,0.5228
est_02,gamma2p,mv,2.2268,500.0,576.4925325777369,571.0937647900868,0.9453
est_02,gamma2p,ml,1.73362,2.0,116.8876030002275,116.301005325842,0.5044
est_02,gamma2p,ml,1.73362,5.0,216.24920284054073,217.05108027268514,-0.3694
est_02,gamma2p,ml,1.73362,10.0,285.4888488922633,286.8866494359135,-0.4872
est_02,gamma2p,ml,1.73362,20.0,352.69528613806364,354.0821064331603,-0.3917
est_02,gamma2p,ml,1.73362,25.0,374.08194703147353,375.32528799561493,-0.3313
est_02,gamma2p,ml,1.73362,50.0,440.05998420463294,440.41063461366065,-0.0796
est_02,gamma2p,ml,1.73362,100.0,505.64889036080507,504.4265877441196,0.2423
est_02,gamma2p,ml,1.73362,200.0,571.1060894372816,567.6347729651926,0.6115
est_02,gamma2p,ml,1.73362,500.0,657.7046197628447,650.2400580638206,1.148
est_02,lognormal2p,momentos,,2.0,112.00943193155982,112.00908678354394,0.0003
est_02,lognormal2p,momentos,,5.0,201.69767745063268,201.72021407975586,-0.0112
est_02,lognormal2p,momentos,,10.0,274.38291306224755,274.34799624445066,0.0127
est_02,lognormal2p,momentos,,20.0,353.75435731941957,353.6646450534689,0.0254
est_02,lognormal2p,momentos,,25.0,380.9254003061524,380.82009448889676,0.0277
est_02,lognormal2p,momentos,,50.0,470.8228972636055,470.676502119287,0.0311
est_02,lognormal2p,momentos,,100.0,569.6544465573204,569.4781569878784,0.031
est_02,lognormal2p,momentos,,200.0,678.1704025864852,677.9750185558341,0.0288
est_02,lognormal2p,momentos,,500.0,837.7238000149954,837.5189055580835,0.0245
est_02,lognormal2p,mv,,2.0,112.00943193155982,112.00908678354394,0.0003
est_02,lognormal2p,mv,,5.0,201.69767745063268,201.72021407975586,-0.0112
est_02,lognormal2p,mv,,10.0,274.38291306224755,274.34799624445066,0.0127
est_02,lognormal2p,mv,,20.0,353.75435731941957,353.6646450534689,0.0254
est_02,lognormal2p,mv,,25.0,380.9254003061524,380.82009448889676,0.0277
est_02,lognormal2p,mv,,50.0,470.8228972636055,470.676502119287,0.0311
est_02,lognormal2p,mv,,100.0,569.6544465573204,569.4781569878784,0.031
est_02,lognormal2p,mv,,200.0,678.1704025864852,677.9750185558341,0.0288
est_02,lognormal2p,mv,,500.0,837.7238000149954,837.5189055580835,0.0245
est_02,lognormal3p,momentos,,2.0,119.26440595079303,119.26472698823801,-0.0003
est_02,lognormal3p,momentos,,5.0,213.92887444995375,213.95179315945745,-0.0107
est_02,lognormal3p,momentos,,10.0,281.05745975663143,281.02791072838403,0.0105
est_02,lognormal3p,momentos,,20.0,348.28691769432163,348.21523083571975,0.0206
est_02,lognormal3p,momentos,,25.0,370.1876414651707,370.1052551258568,0.0223
est_02,lognormal3p,momentos,,50.0,439.4450050701617,439.3375054737491,0.0245
est_02,lognormal3p,momentos,,100.0,510.99065902344233,510.86861597100983,0.0239
est_02,lognormal3p,momentos,,200.0,585.233102385197,585.1050832030885,0.0219
est_02,lognormal3p,momentos,,500.0,688.022276772259,687.8968788217852,0.0182
est_02,lognormal3p,mv,,2.0,93.23701863513234,93.23686691365702,0.0002
est_02,lognormal3p,mv,,5.0,201.00056632888462,201.03463555664075,-0.0169
est_02,lognormal3p,mv,,10.0,325.6234963645857,325.55678396400026,0.0205
est_02,lognormal3p,mv,,20.0,497.85996827368393,497.64593550942465,0.043
est_02,lognormal3p,mv,,25.0,565.2345348739215,564.966865743771,0.0474
est_02,lognormal3p,mv,,50.0,817.9237060125679,817.4779605907313,0.0545
est_02,lognormal3p,mv,,100.0,1147.2160711255028,1146.5850545730787,0.055
est_02,lognormal3p,mv,,200.0,1569.1315016725082,1568.3208628240857,0.0517
est_02,lognormal3p,mv,,500.0,2300.9256889645976,2299.9096203135928,0.0442
est_02,normal,momentos,,2.0,142.58334431427315,142.583,0.0002
est_02,normal,momentos,,5.0,234.06229281543705,234.07985240787937,-0.0075
est_02,normal,momentos,,10.0,281.92646360359987,281.90687844818126,0.0069
est_02,normal,momentos,,20.0,321.4424802963889,321.4032620540293,0.0122
est_02,normal,momentos,,25.0,332.9516027106292,332.9088362361796,0.0128
est_02,normal,momentos,,50.0,365.9044273368644,365.8563128193386,0.0132
est_02,normal,momentos,,100.0,395.53977989880775,395.49190912635004,0.0121
est_02,normal,momentos,,200.0,422.65881581247027,422.61428273531874,0.0105
est_02,normal,momentos,,500.0,455.5200990257224,455.4823534657654,0.0083
est_02,normal,mv,,2.0,142.58334431427315,142.583,0.0002
est_02,normal,mv,,5.0,234.06229281543705,234.07985240787937,-0.0075
est_02,normal,mv,,10.0,281.92646360359987,281.90687844818126,0.0069
est_02,normal,mv,,20.0,321.4424802963889,321.4032620540293,0.0122
est_02,normal,mv,,25.0,332.9516027106292,332.9088362361796,0.0128
est_02,normal,mv,,50.0,365.9044273368644,365.8563128193386,0.0132
est_02,normal,mv,,100.0,395.53977989880775,395.49190912635004,0.0121
est_02,normal,mv,,200.0,422.65881581247027,422.61428273531874,0.0105
est_02,normal,mv,,500.0,455.5200990257224,455.4823534657654,0.0083
est_02,normal,ml,,2.0,142.5833435172538,142.583,0.0002
est_02,normal,ml,,5.0,227.42256052431026,227.43861925375552,-0.0071
est_02,normal,ml,,10.0,271.81265069142773,271.79415504446877,0.0068
est_02,normal,ml,,20.0,308.46051307269823,308.42372208375525,0.0119
est_02,normal,ml,,25.0,319.1342795518799,319.0941724479287,0.0126
est_02,normal,ml,,50.0,349.6953199362157,349.6501801655429,0.0129
est_02,normal,ml,,100.0,377.17967724768334,377.13469805229374,0.0119
est_02,normal,ml,,200.0,402.33035738336616,402.2884137010143,0.0104
est_02,normal,ml,,500.0,432.8065006200144,432.77077918256293,0.0083
est_03,logpearson3,momentos_indirecto,15.0918,2.0,34.826760883705646,34.81611634669437,0.0306
est_03,logpearson3,momentos_indirecto,15.0918,5.0,88.65132419935769,88.77378047140911,-0.1379
est_03,logpearson3,momentos_indirecto,15.0918,10.0,152.48485491214623,152.66187248145832,-0.116
est_03,logpearson3,momentos_indirecto,15.0918,20.0,245.61270964740135,245.70119087715617,-0.036
est_03,logpearson3,momentos_indirecto,15.0918,25.0,283.61841627733475,283.61420010475234,0.0015
est_03,logpearson3,momentos_indirecto,15.0918,50.0,433.711850935101,433.0433979530985,0.1544
est_03,logpearson3,momentos_indirecto,15.0918,100.0,646.0424954723604,643.7119851022983,0.362
est_03,logpearson3,momentos_indirecto,15.0918,200.0,943.3897093302122,937.5402078292889,0.6239
est_03,logpearson3,momentos_indirecto,15.0918,500.0,1520.0508790185854,1504.2276382318248,1.0519
est_03,lognormal2p,momentos,,2.0,38.08092840150621,38.080791694355554,0.0004
est_03,lognormal2p,momentos,,5.0,92.03826947086078,92.05416015155426,-0.0173
est_03,lognormal2p,momentos,,10.0,146.04965916862972,146.02280897992065,0.0184
est_03,lognormal2p,momentos,,20.0,213.82434962007974,213.7448765852722,0.0372
est_03,lognormal2p,momentos,,25.0,238.9328529733114,238.8359777935202,0.0406
est_03,lognormal2p,momentos,,50.0,328.3486840194709,328.1990371766112,0.0456
est_03,lognormal2p,momentos,,100.0,437.0144370435695,436.8167889172071,0.0452
est_03,lognormal2p,momentos,,200.0,567.6934833256839,567.4555944807157,0.0419
est_03,lognormal2p,momentos,,500.0,779.4527569367907,779.1781318896604,0.0352
est_03,lognormal2p,mv,,2.0,38.08092840150621,38.080791694355554,0.0004
est_03,lognormal2p,mv,,5.0,92.03826947086078,92.05416015155426,-0.0173
est_03,lognormal2p,mv,,10.0,146.04965916862972,146.02280897992065,0.0184
est_03,lognormal2p,mv,,20.0,213.82434962007974,213.7448765852722,0.0372
est_03,lognormal2p,mv,,25.0,238.9328529733114,238.8359777935202,0.0406
est_03,lognormal2p,mv,,50.0,328.3486840194709,328.1990371766112,0.0456
est_03,lognormal2p,mv,,100.0,437.0144370435695,436.8167889172071,0.0452
est_03,lognormal2p,mv,,200.0,567.6934833256839,567.4555944807157,0.0419
est_03,lognormal2p,mv,,500.0,779.4527569367907,779.1781318896604,0.0352
est_03,gamma2p,momentos,0.652707,2.0,35.64411715989209,34.7658783407297,2.5262
est_03,gamma2p,momentos,0.652707,5.0,101.71533751094229,102.74399513120925,-1.0012
est_03,gamma2p,momentos,0.652707,10.0,156.45519509539045,159.18410866238108,-1.7143
est_03,gamma2p,momentos,0.652707,20.0,214.1960374669478,217.7886617158987,-1.6496
est_03,gamma2p,momentos,0.652707,25.0,233.3453920894488,236.97439213437394,-1.5314
est_03,gamma2p,momentos,0.652707,50.0,294.4119456107391,297.3071152692759,-0.9738
est_03,gamma2p,momentos,0.652707,100.0,357.696876955114,358.50604482033623,-0.2257
est_03,gamma2p,momentos,0.652707,200.0,423.02140848161207,420.35150956832524,0.6352
est_03,gamma2p,momentos,0.652707,500.0,512.2736287248794,502.85803947484465,1.8724
est_03,gamma2p,mv,1.15847,2.0,46.10515463293789,45.6329711716784,1.0347
est_03,gamma2p,mv,1.15847,5.0,98.56918728484831,99.1215763640548,-0.5573
est_03,gamma2p,mv,1.15847,10.0,137.3988883417405,138.53388939012675,-0.8193
est_03,gamma2p,mv,1.15847,20.0,176.23805846593513,177.50600239855476,-0.7143
est_03,gamma2p,mv,1.15847,25.0,188.78723617318613,189.98734259528948,-0.6317
est_03,gamma2p,mv,1.15847,50.0,227.98207107916633,228.6077241351462,-0.2737
est_03,gamma2p,mv,1.15847,100.0,267.5615287174248,267.05049093090435,0.1914
est_03,gamma2p,mv,1.15847,200.0,307.5728920352889,305.35963400967773,0.7248
est_03,gamma2p,mv,1.15847,500.0,361.16794661462444,355.84491630342535,1.4959
est_03,gamma2p,ml,0.930541,2.0,42.60353273239194,41.977926212061995,1.4903
est_03,gamma2p,ml,0.930541,5.0,100.27403508233682,100.9746354595885,-0.6938
est_03,gamma2p,ml,0.930541,10.0,144.63892231690966,146.2249653082582,-1.0847
est_03,gamma2p,ml,0.930541,20.0,189.84974345096043,191.73794421810985,-0.9848
est_03,gamma2p,ml,0.930541,25.0,204.59372035805333,206.42856982828542,-0.8889
est_03,gamma2p,ml,0.930541,50.0,250.9876123934056,252.151347793988,-0.4615
est_03,gamma2p,ml,0.930541,100.0,298.27676220883933,297.979802397262,0.0997
est_03,gamma2p,ml,0.930541,200.0,346.44579394900035,343.88754583499485,0.7439
est_03,gamma2p,ml,0.930541,500.0,411.4369723906052,404.66695043109536,1.673
est_03,lognormal3p,momentos,,2.0,40.561799322891126,40.56172475352767,0.0002
est_03,lognormal3p,momentos,,5.0,99.43797258336576,99.45341406736945,-0.0155
est_03,lognormal3p,momentos,,10.0,148.75901189259804,148.735561576958,0.0158
est_03,lognormal3p,momentos,,20.0,203.7938471968847,203.73176431905213,0.0305
est_03,lognormal3p,momentos,,25.0,222.8677857398306,222.79443371318317,0.0329
est_03,lognormal3p,momentos,,50.0,286.6967715208863,286.5930231374982,0.0362
est_03,lognormal3p,momentos,,100.0,357.970215460995,357.8434659217541,0.0354
est_03,lognormal3p,momentos,,200.0,437.3413803197358,437.1991387399836,0.0325
est_03,lognormal3p,momentos,,500.0,555.814757663237,555.6634941981984,0.0272
est_03,lognormal3p,mv,,2.0,40.51700895951098,40.51700673683986,0.0
est_03,lognormal3p,mv,,5.0,88.47383479736634,88.48705612787862,-0.0149
est_03,lognormal3p,mv,,10.0,131.60101379264293,131.5801077800791,0.0159
est_03,lognormal3p,mv,,20.0,182.0162385268598,181.95832801666518,0.0318
est_03,lognormal3p,mv,,25.0,199.95827160008864,199.88897928978622,0.0347
est_03,lognormal3p,mv,,50.0,261.4922182588103,261.39063482641814,0.0389
est_03,lognormal3p,mv,,100.0,332.54615774522523,332.4180127071502,0.0385
est_03,lognormal3p,mv,,200.0,414.1184161459362,413.97034297338826,0.0358
est_03,lognormal3p,mv,,500.0,539.8994064570065,539.7362782448232,0.0302
est_03,normal,momentos,,2.0,62.390251702675144,62.3902,0.0001
est_03,normal,momentos,,5.0,127.37170227506874,127.3843997626683,-0.01
est_03,normal,momentos,,10.0,161.3716913350658,161.35801964918176,0.0085
est_03,normal,momentos,,20.0,189.44162575836845,189.41402134132744,0.0146
est_03,normal,momentos,,25.0,197.61705279973927,197.58693185244874,0.0152
est_03,normal,momentos,,50.0,221.02486825624527,220.99095962354247,0.0153
est_03,normal,momentos,,100.0,242.07613993406602,242.04241457280392,0.0139
est_03,normal,momentos,,200.0,261.3399631487831,261.3086179665638,0.012
est_03,normal,momentos,,500.0,284.6827527834957,284.65624030164867,0.0093
est_03,normal,mv,,2.0,62.390251702675144,62.3902,0.0001
est_03,normal,mv,,5.0,127.37170227506874,127.3843997626683,-0.01
est_03,normal,mv,,10.0,161.3716913350658,161.35801964918176,0.0085
est_03,normal,mv,,20.0,189.44162575836845,189.41402134132744,0.0146
est_03,normal,mv,,25.0,197.61705279973927,197.58693185244874,0.0152
est_03,normal,mv,,50.0,221.02486825624527,220.99095962354247,0.0153
est_03,normal,mv,,100.0,242.07613993406602,242.04241457280392,0.0139
est_03,normal,mv,,200.0,261.3399631487831,261.3086179665638,0.012
est_03,normal,mv,,500.0,284.6827527834957,284.65624030164867,0.0093
est_03,normal,ml,,2.0,62.39024964170829,62.3902,0.0001
est_03,normal,ml,,5.0,110.2023974452396,110.2117076264765,-0.0084
est_03,normal,ml,,10.0,135.2189596785494,135.20885704034006,0.0075
est_03,normal,ml,,20.0,155.8722975412862,155.85193448092153,0.0131
est_03,normal,ml,,25.0,161.88762534046384,161.86540804879814,0.0137
est_03,normal,ml,,50.0,179.11066241498116,179.0856507263376,0.014
est_03,normal,ml,,100.0,194.5997982229137,194.5749146465124,0.0128
est_03,normal,ml,,200.0,208.7737625571978,208.750624108161,0.0111
est_03,normal,ml,,500.0,225.94895483638896,225.92936472862272,0.0087
est_04,lognormal2p,momentos,,2.0,17.491555011144293,17.491586606816604,-0.0002
est_04,lognormal2p,momentos,,5.0,35.94309037166319,35.94822125423538,-0.0143
est_04,lognormal2p,momentos,,10.0,52.39305529349154,52.385211825694604,0.015
est_04,lognormal2p,momentos,,20.0,71.51346617735656,71.49170804146252,0.0304
est_04,lognormal2p,momentos,,25.0,78.29609336154314,78.27008481367928,0.0332
est_04,lognormal2p,momentos,,50.0,101.48764483482041,101.4496598962681,0.0374
est_04,lognormal2p,momentos,,100.0,128.15721936220035,128.10949731436182,0.0373
est_04,lognormal2p,momentos,,200.0,158.66061302353472,158.60569899110357,0.0346
est_04,lognormal2p,momentos,,500.0,205.50822509571938,205.44807334730677,0.0293
est_04,lognormal2p,mv,,2.0,17.491555011144293,17.491586606816604,-0.0002
est_04,lognormal2p,mv,,5.0,35.94309037166319,35.94822125423538,-0.0143
est_04,lognormal2p,mv,,10.0,52.39305529349154,52.385211825694604,0.015
est_04,lognormal2p,mv,,20.0,71.51346617735656,71.49170804146252,0.0304
est_04,lognormal2p,mv,,25.0,78.29609336154314,78.27008481367928,0.0332
est_04,lognormal2p,mv,,50.0,101.48764483482041,101.4496598962681,0.0374
est_04,lognormal2p,mv,,100.0,128.15721936220035,128.10949731436182,0.0373
est_04,lognormal2p,mv,,200.0,158.66061302353472,158.60569899110357,0.0346
est_04,lognormal2p,mv,,500.0,205.50822509571938,205.44807334730677,0.0293
est_04,lognormal3p,momentos,,2.0,19.45057980608405,19.45065418220593,-0.0004
est_04,lognormal3p,momentos,,5.0,36.299526991491774,36.30373795898366,-0.0116
est_04,lognormal3p,momentos,,10.0,48.662758461283175,48.657318723434685,0.0112
est_04,lognormal3p,momentos,,20.0,61.3204220795003,61.30688783673462,0.0221
est_04,lognormal3p,momentos,,25.0,65.49636005217909,65.48070990041606,0.0239
est_04,lognormal3p,momentos,,50.0,78.8544632847639,78.8336980649851,0.0263
est_04,lognormal3p,momentos,,100.0,92.87431787125726,92.85040369160912,0.0258
est_04,lognormal3p,momentos,,200.0,107.63330049530703,107.60790006366149,0.0236
est_04,lognormal3p,momentos,,500.0,128.38210145614028,128.3568693483808,0.0197
est_04,lognormal3p,mv,,2.0,18.218407090589753,18.218341328709368,0.0004
est_04,lognormal3p,mv,,5.0,35.20272552202607,35.20705438814618,-0.0123
est_04,lognormal3p,mv,,10.0,49.201039750716035,49.19431102175968,0.0137
est_04,lognormal3p,mv,,20.0,64.65593848676534,64.63844403284683,0.0271
est_04,lognormal3p,mv,,25.0,69.97989610678557,69.95929906946053,0.0294
est_04,lognormal3p,mv,,50.0,87.69663882828132,87.66776816334502,0.0329
est_04,lognormal3p,mv,,100.0,107.32884406624144,107.29383105400294,0.0326
est_04,lognormal3p,mv,,200.0,129.0401846595698,129.00113863121837,0.0303
est_04,lognormal3p,mv,,500.0,161.20831110415793,161.1670791104356,0.0256
est_04,logpearson3,momentos_indirecto,20.8677,2.0,16.437975324330658,16.435500973571678,0.0151
est_04,logpearson3,momentos_indirecto,20.8677,5.0,35.05979929730733,35.0903435271736,-0.087
est_04,logpearson3,momentos_indirecto,20.8677,10.0,54.06869523976314,54.102540604446936,-0.0626
est_04,logpearson3,momentos_indirecto,20.8677,20.0,78.86373756071546,78.8699901534813,-0.0079
est_04,logpearson3,momentos_indirecto,20.8677,25.0,88.3317125846963,88.31775330668985,0.0158
est_04,logpearson3,momentos_indirecto,20.8677,50.0,123.27884283747305,123.14465475897254,0.109
est_04,logpearson3,momentos_indirecto,20.8677,100.0,168.24989113347814,167.86070353408266,0.2319
est_04,logpearson3,momentos_indirecto,20.8677,200.0,225.76875760929525,224.90408632110532,0.3845
est_04,logpearson3,momentos_indirecto,20.8677,500.0,326.41481305523325,324.36713693157793,0.6313
est_04,gamma3p,mv,1.28031,2.0,18.714083835072195,18.56774511214535,0.7881
est_04,gamma3p,mv,1.28031,5.0,36.628165252759786,36.804985151342834,-0.4804
est_04,gamma3p,mv,1.28031,10.0,49.6743367943471,50.02238102606546,-0.6958
est_04,gamma3p,mv,1.28031,20.0,62.62055448243255,62.998140886479966,-0.5994
est_04,gamma3p,mv,1.28031,25.0,66.7869145747729,67.13979324440602,-0.5256
est_04,gamma3p,mv,1.28031,50.0,79.75792004378947,79.92245789395353,-0.2059
est_04,gamma3p,mv,1.28031,100.0,92.80306960454047,92.60751579264672,0.2112
est_04,gamma3p,mv,1.28031,200.0,105.94689570077622,105.21906054277466,0.6917
est_04,gamma3p,mv,1.28031,500.0,123.49700707192503,121.80432530143749,1.3897
est_04,gamma2p,momentos,1.48765,2.0,19.036045040618546,18.910121040029978,0.6659
est_04,gamma2p,momentos,1.48765,5.0,37.04843984159663,37.20960229451216,-0.4331
est_04,gamma2p,momentos,1.48765,10.0,49.87185761617506,50.17005207180302,-0.5944
est_04,gamma2p,momentos,1.48765,20.0,62.45407604773097,62.76363591084755,-0.4932
est_04,gamma2p,momentos,1.48765,25.0,66.48020400318563,66.76380936244175,-0.4248
est_04,gamma2p,momentos,1.48765,50.0,78.95673161668937,79.0641900501916,-0.1359
est_04,gamma2p,momentos,1.48765,100.0,91.4310037805851,91.21615763079666,0.2355
est_04,gamma2p,momentos,1.48765,200.0,103.93919401264132,103.25617667433411,0.6615
est_04,gamma2p,momentos,1.48765,500.0,120.5631633717756,119.04057778396782,1.279
est_04,gamma2p,mv,1.72684,2.0,19.681702640110178,19.582253980425932,0.5079
est_04,gamma2p,mv,1.72684,5.0,36.457585266709906,36.59335927625322,-0.371
est_04,gamma2p,mv,1.72684,10.0,48.1539541024662,48.39095389230989,-0.4898
est_04,gamma2p,mv,1.72684,20.0,59.50991379756835,59.74531433142449,-0.394
est_04,gamma2p,mv,1.72684,25.0,63.12414395800203,63.335307265156956,-0.3334
est_04,gamma2p,mv,1.72684,50.0,74.2753276867526,74.3354127809364,-0.0808
est_04,gamma2p,mv,1.72684,100.0,85.36233710506963,85.15598886214165,0.2423
est_04,gamma2p,mv,1.72684,200.0,96.4283974949365,95.8409616795026,0.6129
est_04,gamma2p,mv,1.72684,500.0,111.07025594572964,109.8060199747349,1.1513
est_04,gamma2p,ml,1.51737,2.0,19.126467662766927,19.004415225872034,0.6422
est_04,gamma2p,ml,1.51737,5.0,36.97150131764817,37.12919614537075,-0.4247
est_04,gamma2p,ml,1.51737,10.0,49.63947220817065,49.92888579584321,-0.5797
est_04,gamma2p,ml,1.51737,20.0,62.051322422337975,62.35004166095755,-0.4791
est_04,gamma2p,ml,1.51737,25.0,66.02003344722985,66.29298786790788,-0.4117
est_04,gamma2p,ml,1.51737,50.0,78.31134004656178,78.4116123047197,-0.1279
est_04,gamma2p,ml,1.51737,100.0,90.59114030774279,90.37707622492546,0.2369
est_04,gamma2p,ml,1.51737,200.0,102.89668103494988,102.22698883624831,0.6551
est_04,gamma2p,ml,1.51737,500.0,119.24150187495921,117.75581656386777,1.2617
est_04,normal,momentos,,2.0,24.027779767596265,24.0278,-0.0001
est_04,normal,momentos,,5.0,40.604366630482986,40.607654139263055,-0.0081
est_04,normal,momentos,,10.0,49.2776690425667,49.27423768607207,0.007
est_04,normal,momentos,,20.0,56.43823105072056,56.4312519655813,0.0124
est_04,normal,momentos,,25.0,58.52375969464484,58.51614053506061,0.013
est_04,normal,momentos,,50.0,64.49502815306302,64.48644816455584,0.0133
est_04,normal,momentos,,100.0,69.86514886393975,69.85662048381715,0.0122
est_04,normal,momentos,,200.0,74.7792964555559,74.77137969698299,0.0106
est_04,normal,momentos,,500.0,80.7339770081364,80.7272984440071,0.0083
est_04,normal,mv,,2.0,24.027779767596265,24.0278,-0.0001
est_04,normal,mv,,5.0,40.604366630482986,40.607654139263055,-0.0081
est_04,normal,mv,,10.0,49.2776690425667,49.27423768607207,0.007
est_04,normal,mv,,20.0,56.43823105072056,56.4312519655813,0.0124
est_04,normal,mv,,25.0,58.52375969464484,58.51614053506061,0.013
est_04,normal,mv,,50.0,64.49502815306302,64.48644816455584,0.0133
est_04,normal,mv,,100.0,69.86514886393975,69.85662048381715,0.0122
est_04,normal,mv,,200.0,74.7792964555559,74.77137969698299,0.0106
est_04,normal,mv,,500.0,80.7339770081364,80.7272984440071,0.0083
est_04,normal,ml,,2.0,24.027779594179542,24.0278,-0.0001
est_04,normal,ml,,5.0,39.15968324080419,39.16267464334172,-0.0076
est_04,normal,ml,,10.0,47.07708973004527,47.073941803188546,0.0067
est_04,normal,ml,,20.0,53.61359421431017,53.60720277346832,0.0119
est_04,normal,ml,,25.0,55.51736480069023,55.51038761932776,0.0126
est_04,normal,ml,,50.0,60.96822508382922,60.96036665989207,0.0129
est_04,normal,ml,,100.0,65.87032886670525,65.86251381887644,0.0119
est_04,normal,ml,,200.0,70.35619851385883,70.34893836571987,0.0103
est_04,normal,ml,,500.0,75.79191656084805,75.78578255415408,0.0081
est_05,gamma2p,momentos,0.941751,2.0,30.511575829824846,30.071988487853453,1.4618
est_05,gamma2p,momentos,0.941751,5.0,71.40960702654573,71.90252022732933,-0.6855
est_05,gamma2p,momentos,0.941751,10.0,102.80139792009122,103.91128058879401,-1.0681
est_05,gamma2p,momentos,0.941751,20.0,134.75764748489513,136.07439967057508,-0.9677
est_05,gamma2p,momentos,0.941751,25.0,145.17360472982708,146.45136614895185,-0.8725
est_05,gamma2p,momentos,0.941751,50.0,177.934987802073,178.7377862445607,-0.4491
est_05,gamma2p,momentos,0.941751,100.0,211.3109603801391,211.0863227542999,0.1064
est_05,gamma2p,momentos,0.941751,200.0,245.29346090692846,243.48147234263342,0.7442
est_05,gamma2p,momentos,0.941751,500.0,291.12513537535574,286.3600193668096,1.664
est_05,gamma2p,mv,0.905236,2.0,30.020333009236257,29.559901885111266,1.5576
est_05,gamma2p,mv,0.905236,5.0,71.59500691586801,72.10941349019737,-0.7134
est_05,gamma2p,mv,0.905236,10.0,103.74480498049775,104.92386378086773,-1.1237
est_05,gamma2p,mv,0.905236,20.0,136.5889291895104,138.00381666081998,-1.0253
est_05,gamma2p,mv,0.905236,25.0,147.3130314459414,148.692323853083,-0.9276
est_05,gamma2p,mv,0.905236,50.0,181.09086041262339,181.98434635180942,-0.491
est_05,gamma2p,mv,0.905236,100.0,215.5625809183249,215.38315229306932,0.0833
est_05,gamma2p,mv,0.905236,200.0,250.7103409005266,248.86204811017322,0.7427
est_05,gamma2p,mv,0.905236,500.0,298.1773142501769,293.2123075177701,1.6933
est_05,gamma2p,ml,0.875562,2.0,29.595300810986963,29.117054095060915,1.6425
est_05,gamma2p,ml,0.875562,5.0,71.74061839169211,72.2736048927903,-0.7375
est_05,gamma2p,ml,0.875562,10.0,104.541410301293,105.78177915236586,-1.1726
est_05,gamma2p,ml,0.875562,20.0,138.15255431428457,139.65534701018723,-1.0761
est_05,gamma2p,ml,0.875562,25.0,149.14352690713764,150.61406960349464,-0.9764
est_05,gamma2p,ml,0.875562,50.0,183.80330786732824,184.77948026402743,-0.5283
est_05,gamma2p,ml,0.875562,100.0,219.22787164119654,219.09177995735368,0.0621
est_05,gamma2p,ml,0.875562,200.0,255.39060527502627,253.51419980132584,0.7402
est_05,gamma2p,ml,0.875562,500.0,304.2841147813888,299.146748405152,1.7173
est_05,lognormal3p,momentos,,2.0,33.871247517070096,33.87107228638504,0.0005
est_05,lognormal3p,momentos,,5.0,73.11298761869872,73.12226233503125,-0.0127
est_05,lognormal3p,momentos,,10.0,101.84297499568058,101.82969402289696,0.013
est_05,lognormal3p,momentos,,20.0,131.21468369919512,131.18251050059604,0.0245
est_05,lognormal3p,momentos,,25.0,140.89677275761449,140.8596605044625,0.0263
est_05,lognormal3p,momentos,,50.0,171.8447691360916,171.79570253052384,0.0286
est_05,lognormal3p,momentos,,100.0,204.2921560786724,204.2356920622987,0.0276
est_05,lognormal3p,momentos,,200.0,238.41796331658554,238.35794238087612,0.0252
est_05,lognormal3p,momentos,,500.0,286.34533157218885,286.2855174270681,0.0209
est_05,lognormal3p,mv,,2.0,25.857396197523283,25.85743773030189,-0.0002
est_05,lognormal3p,mv,,5.0,69.32845850897905,69.34142504950427,-0.0187
est_05,lognormal3p,mv,,10.0,114.54644806483456,114.52301766761852,0.0205
est_05,lognormal3p,mv,,20.0,172.75620036539956,172.6856708536061,0.0408
est_05,lognormal3p,mv,,25.0,194.63473729061187,194.54815427448784,0.0445
est_05,lognormal3p,mv,,50.0,273.6194405456325,273.4826731256536,0.05
est_05,lognormal3p,mv,,100.0,371.39723339602483,371.21249569585666,0.0498
est_05,lognormal3p,mv,,200.0,490.9706594040742,490.74313832027457,0.0464
est_05,lognormal3p,mv,,500.0,688.2454783499873,687.974063203662,0.0395
est_05,gamma3p,momentos,1.09489,2.0,31.300971225675553,30.909569824501094,1.2663
est_05,gamma3p,momentos,1.09489,5.0,72.63899360641506,73.09096522803036,-0.6184
est_05,gamma3p,momentos,1.09489,10.0,103.52649122064952,104.47782189047851,-0.9106
est_05,gamma3p,momentos,1.09489,20.0,134.5649940073297,135.6453645168378,-0.7965
est_05,gamma3p,momentos,1.09489,25.0,144.6169870256679,145.64674716095962,-0.707
est_05,gamma3p,momentos,1.09489,50.0,176.0709562938808,176.63906482233853,-0.3216
est_05,gamma3p,momentos,1.09489,100.0,207.908299086407,207.54295257541114,0.176
est_05,gamma3p,momentos,1.09489,200.0,240.15464901080026,238.38035624320702,0.7443
est_05,gamma3p,momentos,1.09489,500.0,283.4276544048113,279.06730410168933,1.5625
est_05,normal,momentos,,2.0,44.46667129491538,44.4667,-0.0001
est_05,normal,momentos,,5.0,83.02323688695964,83.03079486779123,-0.0091
est_05,normal,momentos,,10.0,103.19703720648482,103.18893059513223,0.0079
est_05,normal,momentos,,20.0,119.85225586077937,119.8358670112688,0.0137
est_05,normal,momentos,,25.0,124.7031230880724,124.6852366080599,0.0143
est_05,normal,momentos,,50.0,138.59208623163548,138.57193958384286,0.0145
est_05,normal,momentos,,100.0,151.08280058307324,151.06275120600017,0.0133
est_05,normal,momentos,,200.0,162.51293728807516,162.49428968377487,0.0115
est_05,normal,momentos,,500.0,176.3633175385038,176.34752467944193,0.009
est_05,normal,mv,,2.0,44.46667129491538,44.4667,-0.0001
est_05,normal,mv,,5.0,83.02323688695964,83.03079486779123,-0.0091
est_05,normal,mv,,10.0,103.19703720648482,103.18893059513223,0.0079
est_05,normal,mv,,20.0,119.85225586077937,119.8358670112688,0.0137
est_05,normal,mv,,25.0,124.7031230880724,124.6852366080599,0.0143
est_05,normal,mv,,50.0,138.59208623163548,138.57193958384286,0.0145
est_05,normal,mv,,100.0,151.08280058307324,151.06275120600017,0.0133
est_05,normal,mv,,200.0,162.51293728807516,162.49428968377487,0.0115
est_05,normal,mv,,500.0,176.3633175385038,176.34752467944193,0.009
est_05,normal,ml,,2.0,44.46667085194143,44.4667,-0.0001
est_05,normal,ml,,5.0,79.33295197299199,79.33978078583385,-0.0086
est_05,normal,ml,,10.0,97.57589924850456,97.56855804927984,0.0075
est_05,normal,ml,,20.0,112.63703155674679,112.62219694491043,0.0132
est_05,normal,ml,,25.0,117.02361780556426,117.00742777397639,0.0138
est_05,normal,ml,,50.0,129.58325547057717,129.56501836137596,0.0141
est_05,normal,ml,,100.0,140.87847202559712,140.86031996960668,0.0129
est_05,normal,ml,,200.0,151.21461979937257,151.1977326901308,0.0112
est_05,normal,ml,,500.0,163.73936737555542,163.7250585564648,0.0087
est_05,lognormal2p,momentos,,2.0,23.120125971709477,23.12004522729167,0.0003
est_05,lognormal2p,momentos,,5.0,73.83362983986676,73.85002206676758,-0.0222
est_05,lognormal2p,momentos,,10.0,135.54961980408095,135.51568285690405,0.025
est_05,lognormal2p,momentos,,20.0,223.83316547311966,223.72119753260773,0.05
est_05,lognormal2p,momentos,,25.0,259.03995313051485,258.89865611622895,0.0546
est_05,lognormal2p,momentos,,50.0,393.5630076409359,393.3213832658761,0.0614
est_05,lognormal2p,momentos,,100.0,573.2904670277476,572.9399457089586,0.0612
est_05,lognormal2p,momentos,,200.0,808.8432215280212,808.3825014430146,0.057
est_05,lognormal2p,momentos,,500.0,1227.4597498800174,1226.8654985185053,0.0484
est_05,lognormal2p,mv,,2.0,23.120125971709477,23.12004522729167,0.0003
est_05,lognormal2p,mv,,5.0,73.83362983986676,73.85002206676758,-0.0222
est_05,lognormal2p,mv,,10.0,135.54961980408095,135.51568285690405,0.025
est_05,lognormal2p,mv,,20.0,223.83316547311966,223.72119753260773,0.05
est_05,lognormal2p,mv,,25.0,259.03995313051485,258.89865611622895,0.0546
est_05,lognormal2p,mv,,50.0,393.5630076409359,393.3213832658761,0.0614
est_05,lognormal2p,mv,,100.0,573.2904670277476,572.9399457089586,0.0612
est_05,lognormal2p,mv,,200.0,808.8432215280212,808.3825014430146,0.057
est_05,lognormal2p,mv,,500.0,1227.4597498800174,1226.8654985185053,0.0484
est_05,logpearson3,momentos_indirecto,6.1327,2.0,19.26543974304526,19.237635446442333,0.1445
est_05,logpearson3,momentos_indirecto,6.1327,5.0,67.47947234879688,67.74217894366302,-0.3878
est_05,logpearson3,momentos_indirecto,6.1327,10.0,145.56035254097233,146.21625188469082,-0.4486
est_05,logpearson3,momentos_indirecto,6.1327,20.0,292.28493778117394,293.1303328162057,-0.2884
est_05,logpearson3,momentos_indirecto,6.1327,25.0,362.0457929890921,362.7380553011939,-0.1908
est_05,logpearson3,momentos_indirecto,6.1327,50.0,687.3551832590623,685.6165001288508,0.2536
est_05,logpearson3,momentos_indirecto,6.1327,100.0,1269.0604307767226,1257.6126820941352,0.9103
est_05,logpearson3,momentos_indirecto,6.1327,200.0,2294.907063373672,2254.8211812379213,1.7778
est_05,logpearson3,momentos_indirecto,6.1327,500.0,4902.647989946016,4748.427198712364,3.2478
est_06,gamma2p,momentos,2.51791,2.0,38.58921143938696,38.492724005202646,0.2507
est_06,gamma2p,momentos,2.51791,5.0,64.2001818012051,64.35915350357152,-0.247
est_06,gamma2p,momentos,2.51791,10.0,81.2464146099992,81.48892591234284,-0.2976
est_06,gamma2p,momentos,2.51791,20.0,97.40395916731501,97.61888270711731,-0.2202
est_06,gamma2p,momentos,2.51791,25.0,102.48289444519581,102.66437577802512,-0.1768
est_06,gamma2p,momentos,2.51791,50.0,117.99472407275441,117.99538890074042,-0.0006
est_06,gamma2p,momentos,2.51791,100.0,133.21654870231643,132.92057877732682,0.2227
est_06,gamma2p,momentos,2.51791,200.0,148.2450993315217,147.5383832934616,0.479
est_06,gamma2p,momentos,2.51791,500.0,167.9197912990756,166.49882256677657,0.8534
est_06,gamma2p,mv,2.99279,2.0,39.44346630981673,39.372602828064814,0.18
est_06,gamma2p,mv,2.99279,5.0,62.91192440325434,63.0401799487571,-0.2035
est_06,gamma2p,mv,2.99279,10.0,78.2439047384789,78.42875940458119,-0.2357
est_06,gamma2p,mv,2.99279,20.0,92.63411439948912,92.78927430253715,-0.1672
est_06,gamma2p,mv,2.99279,25.0,97.13420491216196,97.26103081203733,-0.1304
est_06,gamma2p,mv,2.99279,50.0,110.8198010218945,110.80022501255782,0.0177
est_06,gamma2p,mv,2.99279,100.0,124.17543455304269,123.92191340409687,0.2046
est_06,gamma2p,mv,2.99279,200.0,137.30048565864428,136.72704957194887,0.4194
est_06,gamma2p,mv,2.99279,500.0,154.40507127798443,153.2799674893135,0.734
est_06,gamma2p,ml,2.48108,2.0,38.50993745287947,38.41072341739693,0.2583
est_06,gamma2p,ml,2.48108,5.0,64.31111899581694,64.4726907390163,-0.2506
est_06,gamma2p,ml,2.48108,10.0,81.51247997135121,81.76027561183807,-0.3031
est_06,gamma2p,ml,2.48108,20.0,97.83128299203356,98.05178575181762,-0.2249
est_06,gamma2p,ml,2.48108,25.0,102.9632430502752,103.14983384967141,-0.1809
est_06,gamma2p,ml,2.48108,50.0,118.64288321973501,118.64537664499305,-0.0021
est_06,gamma2p,ml,2.48108,100.0,134.03684667573904,133.73663741328681,0.2245
est_06,gamma2p,ml,2.48108,200.0,149.24151370344208,148.52170873447923,0.4846
est_06,gamma2p,ml,2.48108,500.0,169.15468312542356,167.70471764929408,0.8646
est_06,gamma3p,momentos,3.02841,2.0,39.04393372776387,38.96759775253961,0.1959
est_06,gamma3p,momentos,3.02841,5.0,64.62729681435616,64.76549997975505,-0.2134
est_06,gamma3p,momentos,3.02841,10.0,81.32054853468438,81.51908354969392,-0.2435
est_06,gamma3p,momentos,3.02841,20.0,96.97822546997062,97.14410367672448,-0.1708
est_06,gamma3p,momentos,3.02841,25.0,101.87300036053392,102.0081542937018,-0.1325
est_06,gamma3p,momentos,3.02841,50.0,116.75469601505432,116.73158274250117,0.0198
est_06,gamma3p,momentos,3.02841,100.0,131.27223797955145,130.99667989957842,0.2104
est_06,gamma3p,momentos,3.02841,200.0,145.53471818123415,144.91424907440842,0.4282
est_06,gamma3p,momentos,3.02841,500.0,164.11593099997157,162.9010392795039,0.7458
est_06,lognormal2p,momentos,,2.0,37.039879947900936,37.04005890187051,-0.0005
est_06,lognormal2p,momentos,,5.0,61.01830410233001,61.024574739975755,-0.0103
est_06,lognormal2p,momentos,,10.0,79.23017356046391,79.22226621061714,0.01
est_06,lognormal2p,momentos,,20.0,98.29632557429798,98.27599607285835,0.0207
est_06,lognormal2p,momentos,,25.0,104.66755369050739,104.64388344162245,0.0226
est_06,lognormal2p,momentos,,50.0,125.28671685502421,125.25473877145944,0.0255
est_06,lognormal2p,momentos,,100.0,147.27739780855202,147.240013767261,0.0254
est_06,lognormal2p,momentos,,200.0,170.76698286271272,170.72675754708013,0.0236
est_06,lognormal2p,momentos,,500.0,204.30543569867518,204.26489262834266,0.0198
est_06,lognormal2p,mv,,2.0,37.039879947900936,37.04005890187051,-0.0005
est_06,lognormal2p,mv,,5.0,61.01830410233001,61.024574739975755,-0.0103
est_06,lognormal2p,mv,,10.0,79.23017356046391,79.22226621061714,0.01
est_06,lognormal2p,mv,,20.0,98.29632557429798,98.27599607285835,0.0207
est_06,lognormal2p,mv,,25.0,104.66755369050739,104.64388344162245,0.0226
est_06,lognormal2p,mv,,50.0,125.28671685502421,125.25473877145944,0.0255
est_06,lognormal2p,mv,,100.0,147.27739780855202,147.240013767261,0.0254
est_06,lognormal2p,mv,,200.0,170.76698286271272,170.72675754708013,0.0236
est_06,lognormal2p,mv,,500.0,204.30543569867518,204.26489262834266,0.0198
est_06,lognormal3p,momentos,,2.0,39.54250425182089,39.54277486160059,-0.0007
est_06,lognormal3p,momentos,,5.0,64.37719287579827,64.38313570428663,-0.0092
est_06,lognormal3p,momentos,,10.0,80.64858947873695,80.64187137488406,0.0083
est_06,lognormal3p,momentos,,20.0,96.13795764678433,96.12208710407063,0.0165
est_06,lognormal3p,momentos,,25.0,101.03827031869814,101.02024529987757,0.0178
est_06,lognormal3p,momentos,,50.0,116.13209951066288,116.10941930709147,0.0195
est_06,lognormal3p,momentos,,100.0,131.1661685044694,131.1412899590205,0.019
est_06,lognormal3p,momentos,,200.0,146.25912770700495,146.2338630371715,0.0173
est_06,lognormal3p,momentos,,500.0,166.4335414792929,166.4097780652164,0.0143
est_06,lognormal3p,mv,,2.0,33.72319548035291,33.723234425645146,-0.0001
est_06,lognormal3p,mv,,5.0,59.953441882038945,59.96096429782769,-0.0125
est_06,lognormal3p,mv,,10.0,84.41869821272667,84.40690197879837,0.014
est_06,lognormal3p,mv,,20.0,113.71447703340921,113.68078827050971,0.0296
est_06,lognormal3p,mv,,25.0,124.28379011600578,124.24319405919279,0.0327
est_06,lognormal3p,mv,,50.0,160.99723066290193,160.93657137335728,0.0377
est_06,lognormal3p,mv,,100.0,204.13244372389235,204.05466914769337,0.0381
est_06,lognormal3p,mv,,200.0,254.4390613752535,254.34789677656735,0.0358
est_06,lognormal3p,mv,,500.0,333.3264786502012,333.2243797031946,0.0306
est_06,logpearson3,momentos_indirecto,32.2566,2.0,35.77673252333371,35.77526523354297,0.0041
est_06,logpearson3,momentos_indirecto,32.2566,5.0,60.220730809607566,60.24760232518295,-0.0446
est_06,logpearson3,momentos_indirecto,32.2566,10.0,80.71032174851881,80.73023628436023,-0.0247
est_06,logpearson3,momentos_indirecto,32.2566,20.0,103.91009855629315,103.90464654139328,0.0052
est_06,logpearson3,momentos_indirecto,32.2566,25.0,112.05570104240668,112.03666920434962,0.017
est_06,logpearson3,momentos_indirecto,32.2566,50.0,139.74825802229117,139.66358892636424,0.0606
est_06,logpearson3,momentos_indirecto,32.2566,100.0,171.49542819813135,171.29717019510682,0.1157
est_06,logpearson3,momentos_indirecto,32.2566,200.0,207.89310620685595,207.51387476539628,0.1827
est_06,logpearson3,momentos_indirecto,32.2566,500.0,264.2552032317165,263.49181461189596,0.2897
est_06,logpearson3,mv,3.69498,2.0,33.37154227042731,33.32817638222944,0.1301
est_06,logpearson3,mv,3.69498,5.0,58.90483074442438,59.06073386365905,-0.264
est_06,logpearson3,mv,3.69498,10.0,84.73335346024675,85.03602763158842,-0.3559
est_06,logpearson3,mv,3.69498,20.0,118.74533666141167,119.07716399860298,-0.2787
est_06,logpearson3,mv,3.69498,25.0,131.88036311526363,132.16787589364043,-0.2175
est_06,logpearson3,mv,3.69498,50.0,181.1647548601301,181.01130803124377,0.0848
est_06,logpearson3,mv,3.69498,100.0,246.48349254356918,245.12002133410468,0.5562
est_06,logpearson3,mv,3.69498,200.0,333.03484337351153,329.0999316227924,1.1957
est_06,logpearson3,mv,3.69498,500.0,491.9484077205469,480.9001995762256,2.2974
est_06,normal,momentos,,2.0,44.184213338845765,44.1842,0.0
est_06,normal,momentos,,5.0,67.614565307605,67.61914324883779,-0.0068
est_06,normal,momentos,,10.0,79.87393630644405,79.8690033425894,0.0062
est_06,normal,momentos,,20.0,89.99510838685588,89.98514924246373,0.0111
est_06,normal,momentos,,25.0,92.94292089930244,92.93205365401664,0.0117
est_06,normal,momentos,,50.0,101.38307343721301,101.3708384165431,0.0121
est_06,normal,momentos,,100.0,108.97352733531142,108.96135655266721,0.0112
est_06,normal,momentos,,200.0,115.91948120690026,115.90816695731914,0.0098
est_06,normal,momentos,,500.0,124.3361873939175,124.32661362511371,0.0077
est_06,normal,mv,,2.0,44.184213338845765,44.1842,0.0
est_06,normal,mv,,5.0,67.614565307605,67.61914324883779,-0.0068
est_06,normal,mv,,10.0,79.87393630644405,79.8690033425894,0.0062
est_06,normal,mv,,20.0,89.99510838685588,89.98514924246373,0.0111
est_06,normal,mv,,25.0,92.94292089930244,92.93205365401664,0.0117
est_06,normal,mv,,50.0,101.38307343721301,101.3708384165431,0.0121
est_06,normal,mv,,100.0,108.97352733531142,108.96135655266721,0.0112
est_06,normal,mv,,200.0,115.91948120690026,115.90816695731914,0.0098
est_06,normal,mv,,500.0,124.3361873939175,124.32661362511371,0.0077
est_06,normal,ml,,2.0,44.18421322062072,44.1842,0.0
est_06,normal,ml,,5.0,66.62966748309132,66.6340255949407,-0.0065
est_06,normal,ml,,10.0,78.37371432489692,78.36894723511944,0.0061
est_06,normal,ml,,20.0,88.06944170092525,88.05984807211703,0.0109
est_06,normal,ml,,25.0,90.89334255442839,90.88287560761597,0.0115
est_06,normal,ml,,50.0,98.97871224970825,98.96692531664854,0.0119
est_06,normal,ml,,100.0,106.25010049126448,106.2383663661024,0.011
est_06,normal,ml,,200.0,112.90408034363091,112.89315875751512,0.0097
est_06,normal,ml,,500.0,120.96698925824046,120.95772530950245,0.0077
est_07,lognormal2p,momentos,,2.0,45.5566749958824,45.55680459840339,-0.0003
est_07,lognormal2p,momentos,,5.0,74.09885483985067,74.10610137408607,-0.0098
est_07,lognormal2p,momentos,,10.0,95.57580450808497,95.56626047229416,0.01
est_07,lognormal2p,momentos,,20.0,117.92486413752984,117.90076573738028,0.0204
est_07,lognormal2p,momentos,,25.0,125.36730771701968,125.33931943699079,0.0223
est_07,lognormal2p,momentos,,50.0,149.37737722602316,149.33976772168157,0.0252
est_07,lognormal2p,momentos,,100.0,174.8735244343605,174.82970757643196,0.0251
est_07,lognormal2p,momentos,,200.0,202.00037220617568,201.95332716476145,0.0233
est_07,lognormal2p,momentos,,500.0,240.5699048020226,240.52253570815967,0.0197
est_07,lognormal2p,mv,,2.0,45.5566749958824,45.55680459840339,-0.0003
est_07,lognormal2p,mv,,5.0,74.09885483985067,74.10610137408607,-0.0098
est_07,lognormal2p,mv,,10.0,95.57580450808497,95.56626047229416,0.01
est_07,lognormal2p,mv,,20.0,117.92486413752984,117.90076573738028,0.0204
est_07,lognormal2p,mv,,25.0,125.36730771701968,125.33931943699079,0.0223
est_07,lognormal2p,mv,,50.0,149.37737722602316,149.33976772168157,0.0252
est_07,lognormal2p,mv,,100.0,174.8735244343605,174.82970757643196,0.0251
est_07,lognormal2p,mv,,200.0,202.00037220617568,201.95332716476145,0.0233
est_07,lognormal2p,mv,,500.0,240.5699048020226,240.52253570815967,0.0197
est_07,gamma2p,momentos,3.45279,2.0,47.76953016925392,47.70423062710807,0.1369
est_07,gamma2p,momentos,3.45279,5.0,73.7881113688482,73.91548865790985,-0.1723
est_07,gamma2p,momentos,3.45279,10.0,90.54452407260516,90.72006241918237,-0.1935
est_07,gamma2p,momentos,3.45279,20.0,106.15168186519135,106.29222525088495,-0.1322
est_07,gamma2p,momentos,3.45279,25.0,111.01263955501067,111.12403293622464,-0.1002
est_07,gamma2p,momentos,3.45279,50.0,125.74636818694015,125.71187907124795,0.0274
est_07,gamma2p,momentos,3.45279,100.0,140.06220774435502,139.79911101907246,0.1882
est_07,gamma2p,momentos,3.45279,200.0,154.07925576767482,153.5065058918574,0.3731
est_07,gamma2p,momentos,3.45279,500.0,172.28013771154457,171.17685135337751,0.6445
est_07,gamma2p,mv,3.59433,2.0,47.95740536284322,47.89668480387403,0.1268
est_07,gamma2p,mv,3.59433,5.0,73.44542873103008,73.56627352639796,-0.1643
est_07,gamma2p,mv,3.59433,10.0,89.79701898710223,89.96149188878852,-0.1828
est_07,gamma2p,mv,3.59433,20.0,104.99554655632191,105.12537360511395,-0.1235
est_07,gamma2p,mv,3.59433,25.0,109.72402984012191,109.82592004297831,-0.0928
est_07,gamma2p,mv,3.59433,50.0,124.04317392153813,124.00642420099408,0.0296
est_07,gamma2p,mv,3.59433,100.0,137.93959435140786,137.6867304140444,0.1837
est_07,gamma2p,mv,3.59433,200.0,151.53227886464813,150.98744556645403,0.3608
est_07,gamma2p,mv,3.59433,500.0,169.16455816288888,168.12037328885057,0.6211
est_07,gamma2p,ml,3.16196,2.0,47.33257987450344,47.25588456668635,0.1623
est_07,gamma2p,ml,3.16196,5.0,74.54842652634417,74.6908197982925,-0.1906
est_07,gamma2p,ml,3.16196,10.0,92.22897994093447,92.43070182733878,-0.2182
est_07,gamma2p,ml,3.16196,20.0,108.77384922679305,108.94005141224496,-0.1526
est_07,gamma2p,ml,3.16196,25.0,113.93957837216063,114.073804376042,-0.1177
est_07,gamma2p,ml,3.16196,50.0,129.62902750871388,129.6001738759729,0.0223
est_07,gamma2p,ml,3.16196,100.0,144.91416622811334,144.6267574724989,0.1987
est_07,gamma2p,ml,3.16196,200.0,159.91392982706853,159.27429524285435,0.4016
est_07,gamma2p,ml,3.16196,500.0,179.4340894612544,178.1886274824953,0.699
est_07,logpearson3,momentos_indirecto,15.6482,2.0,43.40562513047452,43.39887053796417,0.0156
est_07,logpearson3,momentos_indirecto,15.6482,5.0,72.61780167537667,72.67189495387086,-0.0744
est_07,logpearson3,momentos_indirecto,15.6482,10.0,97.84716542779718,97.90765988630145,-0.0618
est_07,logpearson3,momentos_indirecto,15.6482,20.0,127.1326197386358,127.15635211485906,-0.0187
est_07,logpearson3,momentos_indirecto,15.6482,25.0,137.58045720116934,137.57853253417747,0.0014
est_07,logpearson3,momentos_indirecto,15.6482,50.0,173.68767709824587,173.54389397304894,0.0829
est_07,logpearson3,momentos_indirecto,15.6482,100.0,216.10274800160934,215.68625884390974,0.1931
est_07,logpearson3,momentos_indirecto,15.6482,200.0,265.930567577304,265.0512020013207,0.3318
est_07,logpearson3,momentos_indirecto,15.6482,500.0,345.3266761414255,343.41098366768585,0.5578
est_07,gamma3p,momentos,4.45503,2.0,48.32697831651731,48.28080611636395,0.0956
est_07,gamma3p,momentos,4.45503,5.0,74.24630528716987,74.35037650556791,-0.14
est_07,gamma3p,momentos,4.45503,10.0,90.55468755192601,90.68732823058026,-0.1463
est_07,gamma3p,momentos,4.45503,20.0,105.55399955392622,105.65112025945474,-0.0919
est_07,gamma3p,momentos,4.45503,25.0,110.19435727163675,110.26650229946772,-0.0654
est_07,gamma3p,momentos,4.45503,50.0,124.18122556904105,124.1342041601437,0.0379
est_07,gamma3p,momentos,4.45503,100.0,137.67218384253857,137.44408123881058,0.166
est_07,gamma3p,momentos,4.45503,200.0,150.79990414683556,150.33027017443553,0.3124
est_07,gamma3p,momentos,4.45503,500.0,167.74151671398369,166.8624095564097,0.5268
est_07,gamma3p,mv,2.87001,2.0,47.30088729283244,47.2171624763078,0.1773
est_07,gamma3p,mv,2.87001,5.0,73.49976533882602,73.64719489686806,-0.2002
est_07,gamma3p,mv,2.87001,10.0,90.69061971438943,90.90608685664061,-0.237
est_07,gamma3p,mv,2.87001,20.0,106.86310764375564,107.04629993356556,-0.1711
est_07,gamma3p,mv,2.87001,25.0,111.92674259434487,112.07764063879867,-0.1346
est_07,gamma3p,mv,2.87001,50.0,127.34173376214618,127.32408235830971,0.0139
est_07,gamma3p,mv,2.87001,100.0,142.4048668966717,142.1162654356871,0.2031
est_07,gamma3p,mv,2.87001,200.0,157.22429755036774,156.56410931713114,0.4217
est_07,gamma3p,mv,2.87001,500.0,176.55801362501333,175.25580872989087,0.743
est_07,lognormal3p,momentos,,2.0,48.63545056717432,48.63513980122603,0.0006
est_07,lognormal3p,momentos,,5.0,74.00409503362299,74.0092891422941,-0.007
est_07,lognormal3p,momentos,,10.0,90.05476391214587,90.04738125246047,0.0082
est_07,lognormal3p,momentos,,20.0,104.99705445878668,104.98097578712105,0.0153
est_07,lognormal3p,momentos,,25.0,109.66373293852949,109.64567116604019,0.0165
est_07,lognormal3p,momentos,,50.0,123.87332473022288,123.85112306950788,0.0179
est_07,lognormal3p,momentos,,100.0,137.80181819127262,137.777836082772,0.0174
est_07,lognormal3p,momentos,,200.0,151.58321156677442,151.5591182619766,0.0159
est_07,lognormal3p,momentos,,500.0,169.72267875325196,169.70020638424432,0.0132
est_07,lognormal3p,mv,,2.0,47.30149461766841,47.30153512730858,-0.0001
est_07,lognormal3p,mv,,5.0,72.79662533091452,72.80261834307349,-0.0082
est_07,lognormal3p,mv,,10.0,90.13618345128788,90.12866856347942,0.0083
est_07,lognormal3p,mv,,20.0,107.04182290901072,107.0240493974557,0.0166
est_07,lognormal3p,mv,,25.0,112.4645165427308,112.44424003724374,0.018
est_07,lognormal3p,mv,,50.0,129.37547185648867,129.34956924171863,0.02
est_07,lognormal3p,mv,,100.0,146.51132460366244,146.48248048701228,0.0197
est_07,lognormal3p,mv,,200.0,163.9845014304554,163.95478649539453,0.0181
est_07,lognormal3p,mv,,500.0,187.73027438528268,187.7018219140771,0.0152
est_07,normal,momentos,,2.0,52.69473970649397,52.6947,0.0001
est_07,normal,momentos,,5.0,76.55711139266857,76.56173159015412,-0.006
est_07,normal,momentos,,10.0,89.04252637077309,89.03745191633999,0.0057
est_07,normal,momentos,,20.0,99.35031732519593,99.34011709454063,0.0103
est_07,normal,momentos,,25.0,102.35248297456161,102.3413558829975,0.0109
est_07,normal,momentos,,50.0,110.9482589670081,110.93573310726147,0.0113
est_07,normal,momentos,,100.0,118.67866918127638,118.66620355119977,0.0105
est_07,normal,momentos,,200.0,125.75269577805454,125.74109772176114,0.0092
est_07,normal,momentos,,500.0,134.3245931048947,134.31476186196534,0.0073
est_07,normal,mv,,2.0,52.69473970649397,52.6947,0.0001
est_07,normal,mv,,5.0,76.55711139266857,76.56173159015412,-0.006
est_07,normal,mv,,10.0,89.04252637077309,89.03745191633999,0.0057
est_07,normal,mv,,20.0,99.35031732519593,99.34011709454063,0.0103
est_07,normal,mv,,25.0,102.35248297456161,102.3413558829975,0.0109
est_07,normal,mv,,50.0,110.9482589670081,110.93573310726147,0.0113
est_07,normal,mv,,100.0,118.67866918127638,118.66620355119977,0.0105
est_07,normal,mv,,200.0,125.75269577805454,125.74109772176114,0.0092
est_07,normal,mv,,500.0,134.3245931048947,134.31476186196534,0.0073
est_07,normal,ml,,2.0,52.6947397190348,52.6947,0.0001
est_07,normal,ml,,5.0,76.66158536751723,76.6662609473639,-0.0061
est_07,normal,ml,,10.0,89.2016638464244,89.19662062078064,0.0057
est_07,normal,ml,,20.0,99.55458425310002,99.54440791500801,0.0102
est_07,normal,ml,,25.0,102.56989394971374,102.55879109304703,0.0108
est_07,normal,ml,,50.0,111.20330387012228,111.19080872196196,0.0112
est_07,normal,ml,,100.0,118.96755927781773,118.95513595715565,0.0104
est_07,normal,ml,,200.0,126.07255729678964,126.06101572126191,0.0092
est_07,normal,ml,,500.0,134.68198400629166,134.672229549961,0.0072
est_08,gamma3p,momentos,4.42522,2.0,143.0373749646217,142.8923524500261,0.1015
est_08,gamma3p,momentos,4.42522,5.0,223.6444684301069,223.96966423159435,-0.1452
est_08,gamma3p,momentos,4.42522,10.0,274.3916430436625,274.8069617749742,-0.1511
est_08,gamma3p,momentos,4.42522,20.0,321.0801274731053,321.38488497256753,-0.0948
est_08,gamma3p,momentos,4.42522,25.0,335.52665314689614,335.7533991058908,-0.0675
est_08,gamma3p,momentos,4.42522,50.0,379.07719928291505,378.93132555083685,0.0385
est_08,gamma3p,momentos,4.42522,100.0,421.0914435720023,420.3789410532473,0.1695
est_08,gamma3p,momentos,4.42522,200.0,461.9809201174488,460.51235426223576,0.3189
est_08,gamma3p,momentos,4.42522,500.0,514.7579663597068,512.0073047135121,0.5372
est_08,gamma3p,mv,1.68428,2.0,134.0188993476765,133.49197180520648,0.3947
est_08,gamma3p,mv,1.68428,5.0,220.44367641239035,221.1553012887619,-0.3218
est_08,gamma3p,mv,1.68428,10.0,280.9045359628387,282.1585545738533,-0.4444
est_08,gamma3p,mv,1.68428,20.0,339.70684899051935,340.96176200848987,-0.3681
est_08,gamma3p,mv,1.68428,25.0,358.4382032959193,359.5680573804299,-0.3142
est_08,gamma3p,mv,1.68428,50.0,416.272581153515,416.61288385172253,-0.0817
est_08,gamma3p,mv,1.68428,100.0,473.82698508641465,472.76676429458274,0.2243
est_08,gamma3p,mv,1.68428,200.0,531.3162402574451,528.2478354513487,0.5809
est_08,gamma3p,mv,1.68428,500.0,607.4381147937418,600.7976199633911,1.1053
est_08,gamma2p,momentos,3.15622,2.0,140.6928339609956,140.46403847237386,0.1629
est_08,gamma2p,momentos,3.15622,5.0,221.681034584906,222.10544084148924,-0.1911
est_08,gamma2p,momentos,3.15622,10.0,274.30399322290015,274.9056283504853,-0.2189
est_08,gamma2p,momentos,3.15622,20.0,323.55161234978345,324.04772807850793,-0.1531
est_08,gamma2p,momentos,3.15622,25.0,338.9287658346605,339.32966773684507,-0.1181
est_08,gamma2p,momentos,3.15622,50.0,385.634536165084,385.54958604316795,0.022
est_08,gamma2p,momentos,3.15622,100.0,431.1392534959531,430.28376162626694,0.1988
est_08,gamma2p,momentos,3.15622,200.0,475.7964863864519,473.89113599590405,0.4021
est_08,gamma2p,momentos,3.15622,500.0,533.9145104956023,530.2032213171948,0.7
est_08,gamma2p,mv,3.34612,2.0,141.56865218722328,141.36313044976552,0.1454
est_08,gamma2p,mv,3.34612,5.0,220.1754075686488,220.5696242691476,-0.1787
est_08,gamma2p,mv,3.34612,10.0,270.9546921784811,271.50325092620926,-0.202
est_08,gamma2p,mv,3.34612,20.0,318.3290599553624,318.7728200550424,-0.1392
est_08,gamma2p,mv,3.34612,25.0,333.0969809724326,333.4511351782135,-0.1062
est_08,gamma2p,mv,3.34612,50.0,377.89130146829297,377.79407055693696,0.0257
est_08,gamma2p,mv,3.34612,100.0,421.45617088302623,420.64869858272135,0.192
est_08,gamma2p,mv,3.34612,200.0,464.1456931068651,462.3742532415553,0.3831
est_08,gamma2p,mv,3.34612,500.0,519.6208096066534,516.1955209212337,0.6636
est_08,gamma2p,ml,2.97572,2.0,139.76069790884617,139.50624215873114,0.1824
est_08,gamma2p,ml,2.97572,5.0,223.2143516887176,223.67152538822796,-0.2044
est_08,gamma2p,ml,2.97572,10.0,277.76706929292266,278.4274195343268,-0.2372
est_08,gamma2p,ml,2.97572,20.0,328.9850234899827,329.53999824282965,-0.1684
est_08,gamma2p,ml,2.97572,25.0,345.0045045841312,345.4583923807485,-0.1314
est_08,gamma2p,ml,2.97572,50.0,393.72934335821213,393.6602996399229,0.0175
est_08,gamma2p,ml,2.97572,100.0,441.28790938536895,440.38264471883554,0.2056
est_08,gamma2p,ml,2.97572,200.0,488.0323995882547,485.98322269531826,0.4217
est_08,gamma2p,ml,2.97572,500.0,548.9588909973326,544.9366609282035,0.7381
est_08,lognormal2p,momentos,,2.0,133.91757528867063,133.91697253944378,0.0005
est_08,lognormal2p,momentos,,5.0,218.11231338439958,218.13215531004823,-0.0091
est_08,lognormal2p,momentos,,10.0,281.5281061420081,281.49795703634624,0.0107
est_08,lognormal2p,momentos,,20.0,347.5610291691016,347.4874289665802,0.0212
est_08,lognormal2p,momentos,,25.0,369.55863465852275,369.47338573609596,0.0231
est_08,lognormal2p,momentos,,50.0,440.5487172307529,440.43453252478946,0.0259
est_08,lognormal2p,momentos,,100.0,515.9671873396316,515.8341256064034,0.0258
est_08,lognormal2p,momentos,,200.0,596.2426794261773,596.0995245549952,0.024
est_08,lognormal2p,momentos,,500.0,710.4306006618268,710.2857365066126,0.0204
est_08,lognormal2p,mv,,2.0,133.91757528867063,133.91697253944378,0.0005
est_08,lognormal2p,mv,,5.0,218.11231338439958,218.13215531004823,-0.0091
est_08,lognormal2p,mv,,10.0,281.5281061420081,281.49795703634624,0.0107
est_08,lognormal2p,mv,,20.0,347.5610291691016,347.4874289665802,0.0212
est_08,lognormal2p,mv,,25.0,369.55863465852275,369.47338573609596,0.0231
est_08,lognormal2p,mv,,50.0,440.5487172307529,440.43453252478946,0.0259
est_08,lognormal2p,mv,,100.0,515.9671873396316,515.8341256064034,0.0258
est_08,lognormal2p,mv,,200.0,596.2426794261773,596.0995245549952,0.024
est_08,lognormal2p,mv,,500.0,710.4306006618268,710.2857365066126,0.0204
est_08,lognormal3p,momentos,,2.0,144.0051506260295,144.00546407131412,-0.0002
est_08,lognormal3p,momentos,,5.0,222.88958249893216,222.90748525643602,-0.008
est_08,lognormal3p,momentos,,10.0,272.8279923743136,272.80707293022334,0.0077
est_08,lognormal3p,momentos,,20.0,319.3348012022559,319.2871003898692,0.0149
est_08,lognormal3p,momentos,,25.0,333.8625575754167,333.80877220049786,0.0161
est_08,lognormal3p,momentos,,50.0,378.1064840508969,378.0400819776627,0.0176
est_08,lognormal3p,momentos,,100.0,421.4864780414277,421.4148037813171,0.017
est_08,lognormal3p,momentos,,200.0,464.418489234629,464.34674448573367,0.0155
est_08,lognormal3p,momentos,,500.0,520.941026160217,520.8747050238336,0.0127
est_08,lognormal3p,mv,,2.0,134.00192383813257,134.00234576491835,-0.0003
est_08,lognormal3p,mv,,5.0,216.866340397166,216.88744069899903,-0.0097
est_08,lognormal3p,mv,,10.0,278.9291371099106,278.9017945610309,0.0098
est_08,lognormal3p,mv,,20.0,343.31776902692985,343.248705523117,0.0201
est_08,lognormal3p,mv,,25.0,364.7227354171651,364.6425721250024,0.022
est_08,lognormal3p,mv,,50.0,433.66870352750107,433.56122119750205,0.0248
est_08,lognormal3p,mv,,100.0,506.72344065410556,506.5985175754713,0.0247
est_08,lognormal3p,mv,,200.0,584.2978875457109,584.1640953554776,0.0229
est_08,lognormal3p,mv,,500.0,694.3641255673454,694.2298921717806,0.0193
est_08,logpearson3,momentos_indirecto,172.381,2.0,131.96233976576778,131.96121561418556,0.0009
est_08,logpearson3,momentos_indirecto,172.381,5.0,217.05737687912537,217.09103699553242,-0.0155
est_08,logpearson3,momentos_indirecto,172.381,10.0,284.00495629202294,283.98934075739186,0.0055
est_08,logpearson3,momentos_indirecto,172.381,20.0,356.1557557856798,356.082342953036,0.0206
est_08,logpearson3,momentos_indirecto,172.381,25.0,380.7186000338,380.6250111715984,0.0246
est_08,logpearson3,momentos_indirecto,172.381,50.0,461.7026161271787,461.53887256566077,0.0355
est_08,logpearson3,momentos_indirecto,172.381,100.0,550.48165103683,550.2308888534895,0.0456
est_08,logpearson3,momentos_indirecto,172.381,200.0,647.916102867075,647.553221899836,0.056
est_08,logpearson3,momentos_indirecto,172.381,500.0,791.43709095588,790.8715314803783,0.0715
est_08,normal,momentos,,2.0,156.66256704653347,156.663,-0.0003
est_08,normal,momentos,,5.0,230.86412726705413,230.8790961052968,-0.0065
est_08,normal,momentos,,10.0,269.68831807088657,269.67316461832365,0.0056
est_08,normal,momentos,,20.0,301.7410486755434,301.7099759879228,0.0103
est_08,normal,momentos,,25.0,311.07647342514827,311.0425243409802,0.0109
est_08,normal,momentos,,50.0,337.8055847781143,337.7673025620086,0.0113
est_08,normal,momentos,,100.0,361.84378628579145,361.80570613303166,0.0105
est_08,normal,momentos,,200.0,383.8409212489736,383.8055523943402,0.0092
est_08,normal,momentos,,500.0,410.49578037473947,410.4659219254396,0.0073
est_08,normal,mv,,2.0,156.66256704653347,156.663,-0.0003
est_08,normal,mv,,5.0,230.86412726705413,230.8790961052968,-0.0065
est_08,normal,mv,,10.0,269.68831807088657,269.67316461832365,0.0056
est_08,normal,mv,,20.0,301.7410486755434,301.7099759879228,0.0103
est_08,normal,mv,,25.0,311.07647342514827,311.0425243409802,0.0109
est_08,normal,mv,,50.0,337.8055847781143,337.7673025620086,0.0113
est_08,normal,mv,,100.0,361.84378628579145,361.80570613303166,0.0105
est_08,normal,mv,,200.0,383.8409212489736,383.8055523943402,0.0092
est_08,normal,mv,,500.0,410.49578037473947,410.4659219254396,0.0073
est_08,normal,ml,,2.0,156.66256693478238,156.663,-0.0003
est_08,normal,ml,,5.0,229.93316196569629,229.94792637247173,-0.0064
est_08,normal,ml,,10.0,268.27024751128886,268.2552559662051,0.0056
est_08,normal,ml,,20.0,299.9208305554888,299.8901099350637,0.0102
est_08,normal,ml,,25.0,309.13912898798867,309.10556527174674,0.0109
est_08,normal,ml,,50.0,335.53288523326177,335.4950347672856,0.0113
est_08,normal,ml,,100.0,359.26949296369366,359.2318348451929,0.0105
est_08,normal,ml,,200.0,380.99064226214125,380.95565485289376,0.0092
est_08,normal,ml,,500.0,407.31107788109387,407.2815237773044,0.0073
est_09,normal,momentos,,2.0,27.59857237574398,27.5986,-0.0001
est_09,normal,momentos,,5.0,35.48918559336347,35.4907600422203,-0.0044
est_09,normal,momentos,,10.0,39.617760143678396,39.61613194212835,0.0041
est_09,normal,momentos,,20.0,43.02625585479631,43.02293526162085,0.0077
est_09,normal,momentos,,25.0,44.018987351309406,44.01536101653511,0.0082
est_09,normal,momentos,,50.0,46.861368006246224,46.85728127213511,0.0087
est_09,normal,momentos,,100.0,49.41759660818636,49.413531709679404,0.0082
est_09,normal,momentos,,200.0,51.75677766279502,51.753001403048216,0.0073
est_09,normal,momentos,,500.0,54.59126231657441,54.58807242087225,0.0058
est_09,normal,mv,,2.0,27.59857237574398,27.5986,-0.0001
est_09,normal,mv,,5.0,35.48918559336347,35.4907600422203,-0.0044
est_09,normal,mv,,10.0,39.617760143678396,39.61613194212835,0.0041
est_09,normal,mv,,20.0,43.02625585479631,43.02293526162085,0.0077
est_09,normal,mv,,25.0,44.018987351309406,44.01536101653511,0.0082
est_09,normal,mv,,50.0,46.861368006246224,46.85728127213511,0.0087
est_09,normal,mv,,100.0,49.41759660818636,49.413531709679404,0.0082
est_09,normal,mv,,200.0,51.75677766279502,51.753001403048216,0.0073
est_09,normal,mv,,500.0,54.59126231657441,54.58807242087225,0.0058
est_09,normal,ml,,2.0,27.59857242636366,27.5986,-0.0001
est_09,normal,ml,,5.0,35.91088317905161,35.91253852342536,-0.0046
est_09,normal,ml,,10.0,40.2601008737202,40.25838150920102,0.0043
est_09,normal,ml,,20.0,43.85075660206722,43.84725365676758,0.008
est_09,normal,ml,,25.0,44.896542584146744,44.892717341143126,0.0085
est_09,normal,ml,,50.0,47.89082840574875,47.88651753869824,0.009
est_09,normal,ml,,100.0,50.58366936857645,50.579380946754966,0.0085
est_09,normal,ml,,200.0,53.047863125950045,53.043878258521744,0.0075
est_09,normal,ml,,500.0,56.03383096091225,56.03046317641994,0.006
est_09,gamma2p,momentos,8.66194,2.0,26.55007492589377,26.544097925080944,0.0225
est_09,gamma2p,momentos,8.66194,5.0,35.00578827254571,35.0255811992083,-0.0565
est_09,gamma2p,momentos,8.66194,10.0,40.06972215769437,40.09025382867811,-0.0512
est_09,gamma2p,momentos,8.66194,20.0,44.600883668983144,44.61191880012908,-0.0247
est_09,gamma2p,momentos,8.66194,25.0,45.982008154209396,45.98789149820723,-0.0128
est_09,gamma2p,momentos,8.66194,50.0,50.09349486697928,50.076993137677,0.033
est_09,gamma2p,momentos,8.66194,100.0,53.99418851298761,53.94582926030951,0.0896
est_09,gamma2p,momentos,8.66194,200.0,57.73653722263786,57.64709672659938,0.1552
est_09,gamma2p,momentos,8.66194,500.0,62.49817934312948,62.34070438000638,0.2526
est_09,gamma2p,mv,7.72682,2.0,26.425014007554118,26.417547969352725,0.0283
est_09,gamma2p,mv,7.72682,5.0,35.40015568243031,35.42321463958335,-0.0651
est_09,gamma2p,mv,7.72682,10.0,40.81540738359909,40.84023034428068,-0.0608
est_09,gamma2p,mv,7.72682,20.0,45.681393193155635,45.695632815030216,-0.0312
est_09,gamma2p,mv,7.72682,25.0,47.16799082406513,47.17628624079619,-0.0176
est_09,gamma2p,mv,7.72682,50.0,51.6020317454989,51.58413239377054,0.0347
est_09,gamma2p,mv,7.72682,100.0,55.81964239049634,55.76407946282578,0.0996
est_09,gamma2p,mv,7.72682,200.0,59.87507218006106,59.770681888913735,0.1747
est_09,gamma2p,mv,7.72682,500.0,65.04666625477257,64.86111565125162,0.2861
est_09,gamma2p,ml,7.54741,2.0,26.39752990143231,26.38975149682308,0.0295
est_09,gamma2p,ml,7.54741,5.0,35.483344838333586,35.50718789052647,-0.0671
est_09,gamma2p,ml,7.54741,10.0,40.97405500994453,40.99991855989759,-0.0631
est_09,gamma2p,ml,7.54741,20.0,45.91224534774982,45.92729960937562,-0.0328
est_09,gamma2p,ml,7.54741,25.0,47.42163478477804,47.430570608972815,-0.0188
est_09,gamma2p,ml,7.54741,50.0,51.925492720239426,51.90738279610946,0.0349
est_09,gamma2p,ml,7.54741,100.0,56.21184666615758,56.154763018415764,0.1017
est_09,gamma2p,ml,7.54741,200.0,60.3353076724451,60.22763988551356,0.1788
est_09,gamma2p,ml,7.54741,500.0,65.59613569652889,65.40432044098314,0.2933
est_09,lognormal2p,momentos,,2.0,25.833150291402852,25.833187435056217,-0.0001
est_09,lognormal2p,momentos,,5.0,36.96270536905404,36.965353490808,-0.0072
est_09,lognormal2p,momentos,,10.0,44.58313467332831,44.57984542466625,0.0074
est_09,lognormal2p,momentos,,20.0,52.04499884588873,52.03715988438214,0.0151
est_09,lognormal2p,momentos,,25.0,54.444446985817,54.4354907984357,0.0165
est_09,lognormal2p,momentos,,50.0,61.94402037694325,61.93253531129656,0.0185
est_09,lognormal2p,momentos,,100.0,69.5669347142791,69.5541046388008,0.0184
est_09,lognormal2p,momentos,,200.0,77.36181012863248,77.34855548647235,0.0171
est_09,lognormal2p,momentos,,500.0,87.98663902859042,87.97390519083923,0.0145
est_09,lognormal2p,mv,,2.0,25.833150291402852,25.833187435056217,-0.0001
est_09,lognormal2p,mv,,5.0,36.96270536905404,36.965353490808,-0.0072
est_09,lognormal2p,mv,,10.0,44.58313467332831,44.57984542466625,0.0074
est_09,lognormal2p,mv,,20.0,52.04499884588873,52.03715988438214,0.0151
est_09,lognormal2p,mv,,25.0,54.444446985817,54.4354907984357,0.0165
est_09,lognormal2p,mv,,50.0,61.94402037694325,61.93253531129656,0.0185
est_09,lognormal2p,mv,,100.0,69.5669347142791,69.5541046388008,0.0184
est_09,lognormal2p,mv,,200.0,77.36181012863248,77.34855548647235,0.0171
est_09,lognormal2p,mv,,500.0,87.98663902859042,87.97390519083923,0.0145
est_09,gamma3p,momentos,4.22188,2.0,26.116993238427177,26.10050046678556,0.0632
est_09,gamma3p,momentos,4.22188,5.0,34.69553765724211,34.73140062113625,-0.1033
est_09,gamma3p,momentos,4.22188,10.0,40.11848946527634,40.16495849228117,-0.1157
est_09,gamma3p,momentos,4.22188,20.0,45.11891537740456,45.153583856502884,-0.0768
est_09,gamma3p,momentos,4.22188,25.0,46.66801979011967,46.69413875420785,-0.0559
est_09,gamma3p,momentos,4.22188,50.0,51.342608046935226,51.32755999805472,0.0293
est_09,gamma3p,momentos,4.22188,100.0,55.858214150351145,55.780230444167515,0.1398
est_09,gamma3p,momentos,4.22188,200.0,60.25782782135144,60.095641229418504,0.2699
est_09,gamma3p,momentos,4.22188,500.0,65.94280326587766,65.63756356879851,0.465
est_09,gamma3p,mv,1.09701,2.0,22.983015815022753,22.845871764143087,0.6003
est_09,gamma3p,mv,1.09701,5.0,37.487887660734515,37.646212211784764,-0.4206
est_09,gamma3p,mv,1.09701,10.0,48.3222380679898,48.65527124522933,-0.6845
est_09,gamma3p,mv,1.09701,20.0,59.20780272958913,59.585804434638774,-0.6344
est_09,gamma3p,mv,1.09701,25.0,62.73287040064205,63.0930761589409,-0.5709
est_09,gamma3p,mv,1.09701,50.0,73.76254397406095,73.96086952477943,-0.2681
est_09,gamma3p,mv,1.09701,100.0,84.92574306467714,84.79699962198356,0.1518
est_09,gamma3p,mv,1.09701,200.0,96.23160530885205,95.60932383870572,0.6509
est_09,gamma3p,mv,1.09701,500.0,111.40255245746229,109.87455099306817,1.3907
est_09,logpearson3,momentos_indirecto,1.02978,2.0,22.790770117504113,22.703680260542978,0.3836
est_09,logpearson3,momentos_indirecto,1.02978,5.0,33.41242692731578,33.55789103834468,-0.4335
est_09,logpearson3,momentos_indirecto,1.02978,10.0,44.60515499080049,45.02660179463801,-0.936
est_09,logpearson3,momentos_indirecto,1.02978,20.0,59.721144738329016,60.37401348186523,-1.0814
est_09,logpearson3,momentos_indirecto,1.02978,25.0,65.6568833070375,66.345924158797,-1.0386
est_09,logpearson3,momentos_indirecto,1.02978,50.0,88.37244103626554,88.91203242483049,-0.6069
est_09,logpearson3,momentos_indirecto,1.02978,100.0,119.47191375104292,119.12105258270644,0.2945
est_09,logpearson3,momentos_indirecto,1.02978,200.0,162.24711997953568,159.5613226145446,1.6832
est_09,logpearson3,momentos_indirecto,1.02978,500.0,244.84826969017095,234.7620903142884,4.2963
