estacion,magnitud,hoja_calculo
est_01,media,144.375
est_01,desvio_s,115.777569126409
est_01,asimetria_skew,0.77196911380809
est_01,curtosis_kurt,-0.518622285016559
est_01,correl_lag1,0.559501888145669
est_01,ttest_p,4.57276157339235e-09
est_01,mu_y,4.58229234514938
est_01,sigma_y,0.9662987227796
est_01,normal_T2,144.375
est_01,lognormal2p_T2,97.7381872630731
est_01,gamma2p_T2,114.879224150442
est_01,gumbel_T2,125.373594391841
est_01,normal_T10,292.749924968898
est_01,lognormal2p_T10,337.192500749872
est_01,gamma2p_T10,298.221979631992
est_01,gumbel_T10,295.497899755345
est_01,normal_T100,413.713901798839
est_01,lognormal2p_T100,925.4122598759
est_01,gamma2p_T100,536.887733561499
est_01,gumbel_T100,507.698488067157
est_02,media,142.583333333333
est_02,desvio_s,108.714991033262
est_02,asimetria_skew,1.56536817435745
est_02,curtosis_kurt,2.28283080639863
est_02,correl_lag1,0.6330734497231
est_02,ttest_p,0.0788815753777519
est_02,mu_y,4.71858301081926
est_02,sigma_y,0.699010308044375
est_02,normal_T2,142.583333333333
est_02,lognormal2p_T2,112.009424023167
est_02,gamma2p_T2,116.105322420156
est_02,gumbel_T2,124.741037490561
est_02,normal_T10,281.907200290178
est_02,lognormal2p_T10,274.348930563934
est_02,gamma2p_T10,287.42611331384
est_02,gumbel_T10,284.487545140414
est_02,normal_T100,395.492221599932
est_02,lognormal2p_T100,569.480279686148
est_02,gamma2p_T100,506.219988174029
est_02,gumbel_T100,483.743629282099
est_03,media,62.390243902439
est_03,desvio_s,77.2249564741802
est_03,asimetria_skew,3.16973307395287
est_03,curtosis_kurt,11.136713790988
est_03,correl_lag1,0.346887808404447
est_03,ttest_p,0.0617124239889049
est_03,mu_y,3.63971348398528
est_03,sigma_y,1.04876574264538
est_03,normal_T2,62.390243902439
est_03,lognormal2p_T2,38.0809243675045
est_03,gamma2p_T2,34.765831983973
est_03,gumbel_T2,49.71609007359
est_03,normal_T10,161.358007771038
est_03,lognormal2p_T10,146.022521018232
est_03,gamma2p_T10,159.183976273375
est_03,gumbel_T10,163.190938233102
est_03,normal_T100,242.042357219045
est_03,lognormal2p_T100,436.813984517613
est_03,gamma2p_T100,358.505808452574
est_03,gumbel_T100,304.731146062851
est_04,media,24.0277777777778
est_04,desvio_s,19.6998710816828
est_04,asimetria_skew,1.84946369867699
est_04,curtosis_kurt,5.01295462141773
est_04,correl_lag1,-0.301451406436611
est_04,ttest_p,0.103232516576023
est_04,mu_y,2.86171810720943
est_04,sigma_y,0.85591895882932
est_04,normal_T2,24.0277777777778
est_04,lognormal2p_T2,17.4915534989377
est_04,gamma2p_T2,18.9101165425909
est_04,gumbel_T2,20.7946364734998
est_04,normal_T10,49.2741784035351
est_04,lognormal2p_T10,52.3851099075918
est_04,gamma2p_T10,50.1700586302194
est_04,gumbel_T10,49.7417538539198
est_04,normal_T100,69.8565309875291
est_04,lognormal2p_T100,128.109242560181
est_04,gamma2p_T100,91.2161846970755
est_04,gumbel_T100,85.8482662357415
est_05,media,44.4666666666667
est_05,desvio_s,45.8212162611287
est_05,asimetria_skew,1.8383328614294
est_05,curtosis_kurt,4.18402420160715
est_05,correl_lag1,-0.176252605177079
est_05,ttest_p,0.06992611736914
est_05,mu_y,3.14070335301539
est_05,sigma_y,1.37988198291833
est_05,normal_T2,44.4666666666667
est_05,lognormal2p_T2,23.1201227492892
est_05,gamma2p_T2,30.0719901718983
est_05,gumbel_T2,36.9464922304056
est_05,normal_T10,103.188918101274
est_05,lognormal2p_T10,135.51648161952
est_05,gamma2p_T10,103.9113129981
est_05,gumbel_T10,104.276482367133
est_05,normal_T100,151.062755701709
est_05,lognormal2p_T100,572.944509751408
est_05,gamma2p_T100,211.086409744221
est_05,gumbel_T100,188.258976740962
est_06,media,44.1842105263158
est_06,desvio_s,27.8449910708958
est_06,asimetria_skew,1.10420462510251
est_06,curtosis_kurt,0.185607543713976
est_06,correl_lag1,0.193030396325182
est_06,ttest_p,0.412242238999305
est_06,mu_y,3.61199510870499
est_06,sigma_y,0.593231674800448
est_06,normal_T2,44.1842105263158
est_06,lognormal2p_T2,37.0398777284581
est_06,gamma2p_T2,38.4926572510427
est_06,gumbel_T2,39.6142927651649
est_06,normal_T10,79.8690024257977
est_06,lognormal2p_T10,79.2218456955862
est_06,gamma2p_T10,81.4887963277431
est_06,gumbel_T10,80.5299018899082
est_06,normal_T100,108.96134630678
est_06,lognormal2p_T100,147.239182184176
est_06,gamma2p_T100,132.920377229156
est_06,gumbel_T100,131.565033577031
est_07,media,52.6947368421053
est_07,desvio_s,28.3584099555084
est_07,asimetria_skew,0.873742002202065
est_07,curtosis_kurt,0.430496080705946
est_07,correl_lag1,0.10961246185944
est_07,ttest_p,0.738877919569574
est_07,mu_y,3.81895709674899
est_07,sigma_y,0.578096259911978
est_07,normal_T2,52.6947368421053
est_07,lognormal2p_T2,45.5566723357562
est_07,gamma2p_T2,47.7042208833652
est_07,gumbel_T2,48.040556813686
est_07,normal_T10,89.0375015169427
est_07,lognormal2p_T10,95.5660148519904
est_07,gamma2p_T10,90.7200072245771
est_07,gumbel_T10,89.7105869524848
est_07,normal_T100,118.666263553281
est_07,lognormal2p_T100,174.829305712395
est_07,gamma2p_T100,139.798995025364
est_07,gumbel_T100,141.686728113094
est_08,media,156.662558139535
est_08,desvio_s,88.1822767554586
est_08,asimetria_skew,0.917770260057334
est_08,curtosis_kurt,0.331201602869775
est_08,correl_lag1,0.41651276658654
est_08,ttest_p,0.259427162670147
est_08,mu_y,4.89722444235448
est_08,sigma_y,0.579691951725794
est_08,normal_T2,156.662558139535
est_08,lognormal2p_T2,133.917567447428
est_08,gamma2p_T2,140.46415389714
est_08,gumbel_T2,142.190089761382
est_08,normal_T10,269.67269296878
est_08,lognormal2p_T10,281.499190137637
est_08,gamma2p_T10,274.905741337074
est_08,gumbel_T10,271.765694877215
est_08,normal_T100,361.805210197677
est_08,lognormal2p_T100,515.836359199765
est_08,gamma2p_T100,430.28384337107
est_08,gumbel_T100,433.388806740555
