estacion,n,bloqueo_contrato,media,desvio,asimetria_g,curtosis_k,helmert_s_menos_c,t_student,t_student_critico,cramer_tw1,cramer_tw2,anderson_lags_fuera,anderson_k_max,anderson_r1,ww_rachas,ww_z,mk_z,ks_z,chow_estadistico,chow_kn,chow_veredicto,nivel_confianza,nivel_independencia,nivel_homogeneidad,anderson_veredicto,ww_veredicto,helmert_veredicto,t_student_veredicto,cramer_veredicto,mk_veredicto,ks_veredicto
est_01,40,,144.375,115.77756912640943,0.8018497556165575,2.7984204701135273,21.0,7.352894418371756,2.024394163911969,3.5199325348280506,3.8848628024442884,4,14,0.557339945583495,10,-3.40758083438341,-4.826040249776023,2.6879360111431225,1.9396094601634535,2.867542487054772,aprobada,con_warnings,dependiente,homogeneidad_critica,rechazada,rechazada,rechazada,rechazada,rechazada,rechazada,rechazada
est_02,24,,142.58333333333334,108.71499103326238,1.668559155919737,5.976876425708308,9.0,-1.7643073041726862,2.0738730679040147,1.1397040134239187,1.087735261226033,1,8,0.6302559806827854,8,-2.0062402647738877,1.6618950014661809,1.0206207261596576,2.014685845241537,2.6439099244338573,aprobada,con_warnings,independiente,homogeneidad_warning,aprobada,rechazada,rechazada,aprobada,aprobada,aprobada,aprobada
est_03,41,,62.390243902439025,77.22495647418019,3.289337903635085,14.743740507735971,6.0,1.8751356989615136,2.0226909200367604,0.3411380085924496,0.9860578672952841,1,14,0.34419254763913526,18,0.3661123907560356,-0.7867486450323444,0.9601829094043463,2.8095562084179027,2.8776635330783646,aprobada,validado,independiente,homogeneidad_ok,aprobada,aprobada,aprobada,aprobada,aprobada,aprobada,aprobada
est_04,36,,24.02777777777778,19.69987108168276,1.9292899234457377,8.531748993189863,-5.0,1.627202726558698,2.032244509317718,1.398085242360132,0.9272504835441375,0,12,-0.29645988089208464,21,1.2450164884399015,-1.1740500370384932,0.8333333333333334,2.533617119096811,2.8236933338407426,aprobada,con_warnings,independiente,homogeneidad_ok,aprobada,aprobada,aprobada,aprobada,aprobada,aprobada,aprobada
est_05,39,,44.46666666666666,45.821216261128676,1.9113739651703572,7.636988971026416,0.0,1.8171690375904948,2.0261924630291093,1.2686061254200782,1.3214851128216802,0,13,-0.17463236379562147,20,0.37155739150293116,-0.956189453673046,0.8707265026259213,2.3524213728829753,2.8571046816486043,aprobada,con_warnings,independiente,homogeneidad_ok,aprobada,aprobada,aprobada,aprobada,aprobada,aprobada,aprobada
est_06,38,,44.18421052631579,27.844991070895762,1.149270795204589,3.5406950162923274,13.0,0.8074562305513303,2.0280940009804502,0.4916308138891001,0.769278632339561,0,13,0.1915442524227005,13,-2.2030740690079744,-0.36480633028194265,0.6488856845230501,1.8194456219608204,2.8463312393601883,aprobada,con_warnings,independiente,homogeneidad_warning,aprobada,rechazada,rechazada,aprobada,aprobada,aprobada,aprobada
est_07,19,,52.69473684210526,28.358409955508407,0.9475559373497658,4.238211551366702,-4.0,0.3205850327055102,2.1098155778331806,1.077871120271344,0.5097701499219346,0,7,0.10495338240451337,12,0.8422558426384459,-0.20991342856239587,0.604563541758343,2.3367346564100773,2.5311928033065327,aprobada,con_warnings,independiente,homogeneidad_ok,aprobada,aprobada,aprobada,aprobada,aprobada,aprobada,aprobada
est_08,43,,156.66255813953487,88.18227675545863,0.9507421061754822,3.6447170747463637,20.0,1.1167184494081261,2.019540970441376,0.8217743409529233,2.392736952358205,1,15,0.39728244753529035,12,-3.1958166719691237,-2.6269644113314934,1.021662084980371,2.119311285762318,2.897023488623684,aprobada,con_warnings,independiente,homogeneidad_critica,aprobada,rechazada,rechazada,aprobada,rechazada,rechazada,aprobada
est_09,7,CONTRACT_SERIES_TOO_SHORT,27.598571428571432,9.377326251072189,-0.9733676617362063,7.157957486605432,,,,2.021644107959192,0.2027004144004046,,,,,,,,,,,,,,,,,,,,
