estacion,distribucion,metodo,status,eea,parametros
est_01,gamma2p,momentos,ok,26.245874469189992,alpha=92.8446;beta=1.55502
est_01,gamma2p,mv,ok,25.373977891547163,alpha=100.896;beta=1.43093
est_01,gamma2p,ml,ok,25.254871079811423,alpha=109.705;beta=1.31603
est_01,gen_exponencial,momentos,ok,26.724454026550227,alpha=1.67242;lambda=0.00943093
est_01,gen_exponencial,mv,ok,25.463519913728746,alpha=1.45123;lambda=0.00869388
est_01,gen_exponencial,ml,no_aplicable,,
est_01,gumbel,momentos,ok,26.59574814900225,mu=92.2751;alpha=90.3065
est_01,gumbel,mv,ok,30.22761561572925,mu=92.0667;alpha=84.3594
est_01,gumbel,ml,ok,25.64576732915675,mu=90.4968;alpha=93.3414
est_01,gumbel,me,ok,27.524513710921788,mu=93.4792;alpha=88.1746
est_01,gamma3p,momentos,ok,26.583810715024917,beta=6.2212;alpha=46.4181;x0=-144.401
est_01,gamma3p,mv,no_converge,,
est_01,gve,momentos,ok,26.836362655898725,nu=93.0441;alpha=94.0124;beta=0.0324955
est_01,gve,mv,ok,78.2991700241316,nu=70.888;alpha=62.6195;beta=-0.542196
est_01,gve,ml,ok,27.098444814498766,nu=86.8893;alpha=85.3501;beta=-0.0892872
est_01,lognormal3p,momentos,ok,27.475805222504842,x0=-298.65;mu_y=6.06059;sigma_y=0.25703
est_01,lognormal3p,mv,ok,65.51943228603918,x0=7.10965;mu_y=4.45163;sigma_y=1.08294
est_01,exponencial_x0_beta,momentos,no_aplicable,,
est_01,exponencial_x0_beta,mv,ok,28.100621070217816,x0=11.6827;beta=132.692
est_01,exponencial_beta,momentos,ok,30.773544206173113,beta=0.00692641
est_01,exponencial_beta,mv,ok,30.773544206173113,beta=0.00692641
est_01,uniforme,momentos,ok,34.59582507322868,alpha=-56.1576;beta=344.908
est_01,uniforme,mv,ok,77.92428684372219,alpha=15;beta=410
est_01,normal,momentos,ok,36.775970647653985,mu=144.375;sigma=115.778
est_01,normal,mv,ok,36.775970647653985,mu=144.375;sigma=115.778
est_01,normal,ml,ok,36.850370867304655,mu=144.375;sigma=114.647
est_01,lognormal2p,momentos,ok,51.37675883945204,mu_y=4.58229;sigma_y=0.966299
est_01,lognormal2p,mv,ok,51.37675883945204,mu_y=4.58229;sigma_y=0.966299
est_01,logpearson3,momentos_directo,no_aplicable,,
est_01,logpearson3,momentos_indirecto,ok,67.90870556586346,beta=48.9619;alpha=0.138096;y0=-2.17917
est_01,logpearson3,mv,no_converge,,
est_01,gen_pareto,momentos,ok,279.5395757153307,mu=-7.70189;sigma=207.232;epsilon=0.362676
est_01,gen_pareto,mv,no_converge,,
est_01,gen_pareto,mc,ok,1887.1815503432754,mu=14.9991;sigma=286.771;epsilon=0.944635
est_01,gen_pareto,mpp,ok,679050372.6477145,mu=-33.202;sigma=2134.86;epsilon=4.28978
est_02,exponencial_beta,momentos,ok,20.91181030251263,beta=0.00701344
est_02,exponencial_beta,mv,ok,20.91181030251263,beta=0.00701344
est_02,logpearson3,momentos_directo,no_aplicable,,
est_02,logpearson3,momentos_indirecto,ok,23.536650674199343,beta=32.7664;alpha=0.122115;y0=0.717313
est_02,logpearson3,mv,ok,83.50489527007196,beta=1.17578;alpha=0.84217;y0=3.72838
est_02,exponencial_x0_beta,momentos,ok,24.74618729466985,x0=33.8683;beta=108.715
est_02,exponencial_x0_beta,mv,ok,27.059063652796176,x0=37.6268;beta=104.957
est_02,gen_exponencial,momentos,ok,26.441618883077993,alpha=1.89102;lambda=0.0102117
est_02,gen_exponencial,mv,ok,35.61038964116214,alpha=2.62813;lambda=0.012202
est_02,gen_exponencial,ml,no_aplicable,,
est_02,gamma3p,momentos,ok,26.7549503218724,beta=1.43674;alpha=90.6987;x0=12.2733
est_02,gamma3p,mv,no_converge,,
est_02,gamma2p,momentos,ok,26.931003422048867,alpha=82.8915;beta=1.72012
est_02,gamma2p,mv,ok,34.87653883637183,alpha=64.0307;beta=2.2268
est_02,gamma2p,ml,ok,27.15731370128982,alpha=82.2459;beta=1.73362
est_02,lognormal2p,momentos,ok,27.635855018724136,mu_y=4.71858;sigma_y=0.69901
est_02,lognormal2p,mv,ok,27.635855018724136,mu_y=4.71858;sigma_y=0.69901
est_02,gve,momentos,ok,2385.2804625035674,nu=2328.97;alpha=76.4126;beta=-0.0715308
est_02,gve,mv,ok,37.60881962532656,nu=77.6605;alpha=44.2612;beta=-0.700168
est_02,gve,ml,ok,28.29763128783585,nu=86.5667;alpha=58.8357;beta=-0.278289
est_02,lognormal3p,momentos,ok,29.694168921972324,x0=-69.9325;mu_y=5.24279;sigma_y=0.482137
est_02,lognormal3p,mv,ok,29.61019984120493,x0=38.4692;mu_y=4.0031;sigma_y=1.29272
est_02,gumbel,momentos,ok,31.93093345263992,mu=93.6616;alpha=84.7977
est_02,gumbel,mv,ok,43.34804048501677,mu=98.0098;alpha=67.7597
est_02,gumbel,ml,ok,33.092242263106705,mu=95.2013;alpha=82.0873
est_02,gumbel,me,ok,37.98374417243866,mu=99.9833;alpha=73.8025
est_02,normal,momentos,ok,47.05765302463294,mu=142.583;sigma=108.715
est_02,normal,mv,ok,47.05765302463294,mu=142.583;sigma=108.715
est_02,normal,ml,ok,47.65733967520436,mu=142.583;sigma=100.824
est_02,uniforme,momentos,ok,52.07878765251345,alpha=-45.7166;beta=330.883
est_02,uniforme,mv,ok,125.14535548712945,alpha=42;beta=458
est_02,gen_pareto,momentos,ok,16.252108879425364,mu=27.1338;sigma=122.823;epsilon=0.0638657
est_02,gen_pareto,mv,no_converge,,
est_02,gen_pareto,mc,ok,1126.0631671704614,mu=41.9995;sigma=233.064;epsilon=0.927653
est_02,gen_pareto,mpp,ok,67776555.7977606,mu=-22.1572;sigma=1808.54;epsilon=4.18925
est_03,logpearson3,momentos_directo,no_aplicable,,
est_03,logpearson3,momentos_indirecto,ok,13.594425833074544,beta=15.0918;alpha=0.269965;y0=-0.434551
est_03,logpearson3,mv,no_converge,,
est_03,lognormal2p,momentos,ok,23.34726577678208,mu_y=3.63971;sigma_y=1.04877
est_03,lognormal2p,mv,ok,23.34726577678208,mu_y=3.63971;sigma_y=1.04877
est_03,gen_exponencial,momentos,ok,28.7393659145153,alpha=0.624618;lambda=0.0116074
est_03,gen_exponencial,mv,ok,38.58547790441531,alpha=1.21892;lambda=0.0182372
est_03,gen_exponencial,ml,no_aplicable,,
est_03,gamma2p,momentos,ok,28.845910239340252,alpha=95.587;beta=0.652707
est_03,gamma2p,mv,ok,38.23527647527561,alpha=53.8555;beta=1.15847
est_03,gamma2p,ml,ok,34.565803704060805,alpha=67.0473;beta=0.930541
est_03,lognormal3p,momentos,ok,30.336102755082354,x0=-25.9734;mu_y=4.19773;sigma_y=0.753299
est_03,lognormal3p,mv,ok,33.55501760147415,x0=-3.89323;mu_y=3.79347;sigma_y=0.870277
est_03,gve,momentos,ok,529.6995439281338,nu=540.344;alpha=42.8784;beta=-0.193512
est_03,gve,mv,ok,31.666040424011946,nu=29.9172;alpha=25.6938;beta=-0.417008
est_03,gve,ml,ok,31.046652040061304,nu=28.9209;alpha=23.9004;beta=-0.459604
est_03,exponencial_x0_beta,momentos,ok,31.82389064823779,x0=-14.8347;beta=77.225
est_03,exponencial_x0_beta,mv,ok,35.754885460866014,x0=0.490244;beta=61.9
est_03,exponencial_beta,momentos,ok,35.108128346888236,beta=0.0160281
est_03,exponencial_beta,mv,ok,35.108128346888236,beta=0.0160281
est_03,gumbel,momentos,ok,39.80753077596784,mu=27.639;alpha=60.2355
est_03,gumbel,mv,ok,47.77713705130802,mu=36.9134;alpha=35.3998
est_03,gumbel,ml,ok,41.79176246172721,mu=35.6875;alpha=46.2612
est_03,gumbel,me,ok,43.889554696004005,mu=38.4601;alpha=41.4578
est_03,normal,momentos,ok,51.66220964808408,mu=62.3902;sigma=77.225
est_03,normal,mv,ok,51.66220964808408,mu=62.3902;sigma=77.225
est_03,normal,ml,ok,50.43315181131446,mu=62.3902;sigma=56.8207
est_03,uniforme,momentos,ok,59.15243786976824,alpha=-71.3673;beta=196.148
est_03,uniforme,mv,ok,164.66522568118793,alpha=2;beta=402
est_03,gamma3p,momentos,no_aplicable,,
est_03,gamma3p,mv,no_converge,,
est_03,gen_pareto,momentos,ok,49.745248768526835,mu=-3.41136;sigma=56.7879;epsilon=-0.136982
est_03,gen_pareto,mv,no_converge,,
est_03,gen_pareto,mc,ok,696.8532511910895,mu=1.99444;sigma=132.119;epsilon=0.872544
est_03,gen_pareto,mpp,ok,212491390.25628895,mu=-20.2469;sigma=1004.39;epsilon=4.14748
est_04,lognormal2p,momentos,ok,3.6177344353143575,mu_y=2.86172;sigma_y=0.855919
est_04,lognormal2p,mv,ok,3.6177344353143575,mu_y=2.86172;sigma_y=0.855919
est_04,gve,momentos,ok,294.93150520040234,nu=298.099;alpha=13.2101;beta=-0.0996955
est_04,gve,mv,ok,3.9893472714271847,nu=13.9953;alpha=10.6102;beta=-0.311803
est_04,gve,ml,ok,4.812512029490204,nu=14.376;alpha=11.6484;beta=-0.204892
est_04,exponencial_x0_beta,momentos,no_aplicable,,
est_04,exponencial_x0_beta,mv,ok,4.242485595939945,x0=1.37063;beta=22.6571
est_04,lognormal3p,momentos,ok,5.152995886936259,x0=-10.0228;mu_y=3.38349;sigma_y=0.537326
est_04,lognormal3p,mv,ok,4.342584251272642,x0=-1.92855;mu_y=3.00305;sigma_y=0.726605
est_04,exponencial_beta,momentos,ok,4.450147731517771,beta=0.0416185
est_04,exponencial_beta,mv,ok,4.450147731517771,beta=0.0416185
est_04,logpearson3,momentos_directo,no_aplicable,,
est_04,logpearson3,momentos_indirecto,ok,4.853246806182819,beta=20.8677;alpha=0.187368;y0=-1.04822
est_04,logpearson3,mv,no_converge,,
est_04,gen_exponencial,momentos,ok,4.86843062972874,alpha=1.58575;lambda=0.0550019
est_04,gen_exponencial,mv,ok,5.4459997354856675,alpha=1.84127;lambda=0.0598792
est_04,gen_exponencial,ml,no_aplicable,,
est_04,gamma3p,momentos,no_aplicable,,
est_04,gamma3p,mv,ok,4.924982247069822,beta=1.28031;alpha=17.4081;x0=1.73997
est_04,gamma2p,momentos,ok,4.929932013538547,alpha=16.1515;beta=1.48765
est_04,gamma2p,mv,ok,5.5988851001920805,alpha=13.9143;beta=1.72684
est_04,gamma2p,ml,ok,5.010117285428137,alpha=15.8352;beta=1.51737
est_04,gumbel,momentos,ok,5.7690180672745,mu=15.1628;alpha=15.3659
est_04,gumbel,mv,ok,7.267858416349766,mu=15.9532;alpha=12.6476
est_04,gumbel,ml,ok,6.013886348823746,mu=15.5767;alpha=14.6411
est_04,gumbel,me,ok,6.611642560592904,mu=16.2443;alpha=13.4845
est_04,normal,momentos,ok,8.521638142601878,mu=24.0278;sigma=19.6999
est_04,normal,mv,ok,8.521638142601878,mu=24.0278;sigma=19.6999
est_04,normal,ml,ok,8.589707091155597,mu=24.0278;sigma=17.983
est_04,uniforme,momentos,ok,9.723603780737147,alpha=-10.0934;beta=58.149
est_04,uniforme,mv,ok,31.229381115114467,alpha=2;beta=100
est_04,gen_pareto,momentos,no_aplicable,,
est_04,gen_pareto,mv,no_converge,,
est_04,gen_pareto,mc,ok,285.50546926316906,mu=1.99273;sigma=47.4215;epsilon=0.934974
est_04,gen_pareto,mpp,ok,180416853.19736603,mu=-6.9807;sigma=364.025;epsilon=4.53416
est_05,gve,momentos,ok,697.5426604000387,nu=695.245;alpha=30.8225;beta=-0.0978953
est_05,gve,mv,ok,6.325036780528062,nu=19.5791;alpha=21.3856;beta=-0.477719
est_05,gve,ml,ok,9.0126830005039,nu=21.6878;alpha=25.0565;beta=-0.254306
est_05,gamma2p,momentos,ok,8.958077213275015,alpha=47.217;beta=0.941751
est_05,gamma2p,mv,ok,8.431396609293088,alpha=49.1217;beta=0.905236
est_05,gamma2p,ml,ok,8.007660164170192,alpha=50.7864;beta=0.875562
est_05,gen_exponencial,momentos,ok,8.710281954076981,alpha=0.934719;lambda=0.021522
est_05,gen_exponencial,mv,ok,8.118230232044235,alpha=0.887956;lambda=0.0208105
est_05,gen_exponencial,ml,no_aplicable,,
est_05,exponencial_x0_beta,momentos,ok,8.767030089900082,x0=-1.35455;beta=45.8212
est_05,exponencial_x0_beta,mv,ok,9.40178934525868,x0=-0.246491;beta=44.7132
est_05,lognormal3p,momentos,ok,10.493152564086763,x0=-35.3524;mu_y=4.23734;sigma_y=0.533704
est_05,lognormal3p,mv,ok,8.773911579395085,x0=-2.15756;mu_y=3.33274;sigma_y=1.11326
est_05,gamma3p,momentos,ok,9.221662157240509,beta=1.09489;alpha=43.7907;x0=-3.47917
est_05,gamma3p,mv,no_converge,,
est_05,exponencial_beta,momentos,ok,9.42442484993178,beta=0.0224888
est_05,exponencial_beta,mv,ok,9.42442484993178,beta=0.0224888
est_05,gumbel,momentos,ok,12.752651796485091,mu=23.8471;alpha=35.7405
est_05,gumbel,mv,ok,17.207158419327392,mu=25.932;alpha=28.3984
est_05,gumbel,ml,ok,13.488237419717498,mu=24.9941;alpha=33.7353
est_05,gumbel,me,ok,15.195205147782858,mu=26.7138;alpha=30.7561
est_05,normal,momentos,ok,20.2873444883672,mu=44.4667;sigma=45.8212
est_05,normal,mv,ok,20.2873444883672,mu=44.4667;sigma=45.8212
est_05,normal,ml,ok,20.4141538272268,mu=44.4667;sigma=41.4356
est_05,uniforme,momentos,ok,23.282640351175274,alpha=-34.898;beta=123.831
est_05,uniforme,mv,ok,72.22319897093035,alpha=0.9;beta=215
est_05,lognormal2p,momentos,ok,27.190232999306886,mu_y=3.1407;sigma_y=1.37988
est_05,lognormal2p,mv,ok,27.190232999306886,mu_y=3.1407;sigma_y=1.37988
est_05,logpearson3,momentos_directo,no_aplicable,,
est_05,logpearson3,momentos_indirecto,ok,64.68164114586827,beta=6.1327;alpha=0.557206;y0=-0.276476
est_05,logpearson3,mv,no_converge,,
est_05,gen_pareto,momentos,ok,7.179389158179934,mu=-2.05187;sigma=47.2319;epsilon=0.0153341
est_05,gen_pareto,mv,no_converge,,
est_05,gen_pareto,mc,ok,561.5282884709695,mu=0.885769;sigma=97.1327;epsilon=0.907182
est_05,gen_pareto,mpp,ok,125625290.5121893,mu=-16.0104;sigma=729.491;epsilon=4.13863
est_06,exponencial_x0_beta,momentos,no_aplicable,,
est_06,exponencial_x0_beta,mv,ok,5.7364198004886875,x0=13.1842;beta=31
est_06,gamma2p,momentos,ok,6.460126910619529,alpha=17.548;beta=2.51791
est_06,gamma2p,mv,ok,7.520148328149684,alpha=14.7636;beta=2.99279
est_06,gamma2p,ml,ok,6.388269040034838,alpha=17.8084;beta=2.48108
est_06,gen_exponencial,momentos,ok,6.450769931342558,alpha=3.07878;lambda=0.0419935
est_06,gen_exponencial,mv,ok,7.713437479429177,alpha=3.85693;lambda=0.0469151
est_06,gen_exponencial,ml,no_aplicable,,
est_06,gamma3p,momentos,ok,6.736974301148284,beta=3.02841;alpha=16.0007;x0=-4.27259
est_06,gamma3p,mv,no_converge,,
est_06,lognormal2p,momentos,ok,6.909818496510928,mu_y=3.612;sigma_y=0.593232
est_06,lognormal2p,mv,ok,6.909818496510928,mu_y=3.612;sigma_y=0.593232
est_06,gumbel,momentos,ok,7.13707872314426,mu=31.654;alpha=21.7191
est_06,gumbel,mv,ok,9.040018876632926,mu=32.1397;alpha=18.6502
est_06,gumbel,ml,ok,7.138351272010144,mu=31.6486;alpha=21.7174
est_06,gumbel,me,ok,7.915811547743884,mu=32.6146;alpha=20.0439
est_06,lognormal3p,momentos,ok,7.158158548090344,x0=-31.7582;mu_y=4.26691;sigma_y=0.355159
est_06,lognormal3p,mv,ok,8.736110454864638,x0=11.6541;mu_y=3.09418;sigma_y=0.930815
est_06,logpearson3,momentos_directo,no_aplicable,,
est_06,logpearson3,momentos_indirecto,ok,7.283995554316686,beta=32.2566;alpha=0.104452;y0=0.242743
est_06,logpearson3,mv,ok,10.988054321165876,beta=3.69498;alpha=0.322475;y0=2.42046
est_06,gve,momentos,ok,45598.69282250575,nu=43794.1;alpha=21.6825;beta=-0.000991484
est_06,gve,mv,ok,13.59813762693099,nu=27.6751;alpha=13.5053;beta=-0.530713
est_06,gve,ml,ok,7.287333704007813,nu=29.8863;alpha=17.3367;beta=-0.202354
est_06,normal,momentos,ok,10.527427791414926,mu=44.1842;sigma=27.845
est_06,normal,mv,ok,10.527427791414926,mu=44.1842;sigma=27.845
est_06,normal,ml,ok,10.579053344125215,mu=44.1842;sigma=26.6745
est_06,uniforme,momentos,ok,10.920024967259502,alpha=-4.04473;beta=92.4131
est_06,uniforme,mv,ok,20.842863916897542,alpha=14;beta=109
est_06,exponencial_beta,momentos,ok,12.553498387034812,beta=0.0226325
est_06,exponencial_beta,mv,ok,12.553498387034812,beta=0.0226325
est_06,gen_pareto,momentos,ok,28.428500382186403,mu=10.954;sigma=40.2784;epsilon=0.212101
est_06,gen_pareto,mv,no_converge,,
est_06,gen_pareto,mc,ok,430.128720348174,mu=13.999;sigma=66.9972;epsilon=0.946152
est_06,gen_pareto,mpp,ok,136724332.7244027,mu=2.15643;sigma=500.978;epsilon=4.29958
est_07,lognormal2p,momentos,ok,2.965301604462079,mu_y=3.81896;sigma_y=0.578096
est_07,lognormal2p,mv,ok,2.965301604462079,mu_y=3.81896;sigma_y=0.578096
est_07,gamma2p,momentos,ok,4.92138152501756,alpha=15.2615;beta=3.45279
est_07,gamma2p,mv,ok,5.321626440105788,alpha=14.6605;beta=3.59433
est_07,gamma2p,ml,ok,4.082421193345857,alpha=16.6652;beta=3.16196
est_07,gumbel,momentos,ok,5.243803221324527,mu=39.9335;alpha=22.1196
est_07,gumbel,mv,ok,5.9393276986581265,mu=40.0519;alpha=21.451
est_07,gumbel,ml,ok,4.318821975578788,mu=39.3094;alpha=23.1894
est_07,gumbel,me,ok,5.6209949308398865,mu=40.1596;alpha=21.7165
est_07,gve,momentos,ok,4668.2872584392,nu=4325.07;alpha=21.8125;beta=-0.0102416
est_07,gve,mv,ok,5.675547753341662,nu=39.6898;alpha=21.1922;beta=-0.0316557
est_07,gve,ml,ok,4.394028420228178,nu=38.8249;alpha=22.1606;beta=-0.0470591
est_07,logpearson3,momentos_directo,no_aplicable,,
est_07,logpearson3,momentos_indirecto,ok,4.418195221386981,beta=15.6482;alpha=0.14614;y0=1.53213
est_07,logpearson3,mv,no_converge,,
est_07,gen_exponencial,momentos,ok,5.243699000262838,alpha=4.77756;lambda=0.0425501
est_07,gen_exponencial,mv,ok,4.549475885346532,alpha=4.39227;lambda=0.0410124
est_07,gen_exponencial,ml,no_aplicable,,
est_07,gamma3p,momentos,ok,5.113634028868885,beta=4.45503;alpha=13.4356;x0=-7.16117
est_07,gamma3p,mv,ok,5.0036377981071,beta=2.87001;alpha=16.8245;x0=4.40818
est_07,lognormal3p,momentos,ok,5.339456390947858,x0=-39.8965;mu_y=4.48336;sigma_y=0.299436
est_07,lognormal3p,mv,ok,5.205913431741248,x0=-13.7086;mu_y=4.11104;sigma_y=0.414954
est_07,normal,momentos,ok,7.373023027840022,mu=52.6947;sigma=28.3584
est_07,normal,mv,ok,7.373023027840022,mu=52.6947;sigma=28.3584
est_07,normal,ml,ok,7.336254181950942,mu=52.6947;sigma=28.4826
est_07,exponencial_x0_beta,momentos,no_aplicable,,
est_07,exponencial_x0_beta,mv,ok,8.484961764056534,x0=9.52807;beta=43.1667
est_07,uniforme,momentos,ok,8.492691653838964,alpha=3.57653;beta=101.813
est_07,uniforme,mv,ok,16.683480734300165,alpha=11.8;beta=120
est_07,exponencial_beta,momentos,ok,15.356533771857952,beta=0.0189772
est_07,exponencial_beta,mv,ok,15.356533771857952,beta=0.0189772
est_07,gen_pareto,momentos,no_aplicable,,
est_07,gen_pareto,mv,no_converge,,
est_07,gen_pareto,mc,ok,427.6348078137474,mu=11.7975;sigma=87.3574;epsilon=0.97529
est_07,gen_pareto,mpp,ok,450462930.0922565,mu=-19.8439;sigma=774.021;epsilon=5.46035
est_08,gamma3p,momentos,ok,12.001771692519085,beta=4.42522;alpha=41.9193;x0=-28.8394
est_08,gamma3p,mv,ok,8.838049798448079,beta=1.68428;alpha=72.6161;x0=34.3568
est_08,gamma2p,momentos,ok,10.949196949267076,alpha=49.6361;beta=3.15622
est_08,gamma2p,mv,ok,12.700751431758096,alpha=46.8192;beta=3.34612
est_08,gamma2p,ml,ok,9.383311213463497,alpha=52.6469;beta=2.97572
est_08,lognormal2p,momentos,ok,10.410002276400526,mu_y=4.89722;sigma_y=0.579692
est_08,lognormal2p,mv,ok,10.410002276400526,mu_y=4.89722;sigma_y=0.579692
est_08,gve,momentos,ok,12650.118597219473,nu=12320;alpha=67.7419;beta=-0.0111754
est_08,gve,mv,ok,12.00141028436466,nu=112.216;alpha=60.8007;beta=-0.14604
est_08,gve,ml,ok,10.47422530249985,nu=113.644;alpha=66.349;beta=-0.0674345
est_08,lognormal3p,momentos,ok,12.948765961322945,x0=-130.346;mu_y=5.61441;sigma_y=0.300344
est_08,lognormal3p,mv,ok,10.773256625950399,x0=-0.471537;mu_y=4.90137;sigma_y=0.570542
est_08,gumbel,momentos,ok,12.33370863805882,mu=116.981;alpha=68.7822
est_08,gumbel,mv,ok,15.841119713875438,mu=117.161;alpha=65.1101
est_08,gumbel,ml,ok,10.925245080476659,mu=115.741;alpha=70.8939
est_08,gumbel,me,ok,13.679136295879612,mu=117.929;alpha=67.1039
est_08,gen_exponencial,momentos,ok,11.49487631559012,alpha=4.20013;lambda=0.0135749
est_08,gen_exponencial,mv,ok,11.375396998308883,alpha=4.14299;lambda=0.0135197
est_08,gen_exponencial,ml,no_aplicable,,
est_08,logpearson3,momentos_directo,no_aplicable,,
est_08,logpearson3,momentos_indirecto,ok,12.682214028908607,beta=172.381;alpha=0.0441522;y0=-2.71378
est_08,logpearson3,mv,no_converge,,
est_08,exponencial_x0_beta,momentos,no_aplicable,,
est_08,exponencial_x0_beta,mv,ok,23.092216379883695,x0=36.4033;beta=120.259
est_08,normal,momentos,ok,23.760259635230774,mu=156.663;sigma=88.1823
est_08,normal,mv,ok,23.760259635230774,mu=156.663;sigma=88.1823
est_08,normal,ml,ok,23.895315818968786,mu=156.663;sigma=87.0759
est_08,uniforme,momentos,ok,26.88841183659921,alpha=3.92637;beta=309.399
est_08,uniforme,mv,ok,76.55615333620388,alpha=39.2;beta=407.9
est_08,exponencial_beta,momentos,ok,52.32522198818432,beta=0.00638315
est_08,exponencial_beta,mv,ok,52.32522198818432,beta=0.00638315
est_08,gen_pareto,momentos,no_aplicable,,
est_08,gen_pareto,mv,no_converge,,
est_08,gen_pareto,mc,ok,1790.3858180108314,mu=39.1997;sigma=248.805;epsilon=0.964694
est_08,gen_pareto,mpp,ok,3595997671.035987,mu=-0.325151;sigma=1886.08;epsilon=4.71859
est_09,gve,momentos,ok,3.2124103989124597,nu=26.1507;alpha=10.1935;beta=0.674959
est_09,gve,mv,no_converge,,
est_09,gve,ml,ok,2.6775301514966507,nu=25.9685;alpha=11.1234;beta=0.665242
est_09,uniforme,momentos,ok,2.7761301633821103,alpha=11.3566;beta=43.8406
est_09,uniforme,mv,ok,4.160254799889066,alpha=10.99;beta=39.55
est_09,normal,momentos,ok,3.0377756138202066,mu=27.5986;sigma=9.37733
est_09,normal,mv,ok,3.0377756138202066,mu=27.5986;sigma=9.37733
est_09,normal,ml,ok,2.7934470206246376,mu=27.5986;sigma=9.87848
est_09,gumbel,momentos,ok,4.102563792785242,mu=23.3788;alpha=7.31431
est_09,gumbel,mv,ok,3.4197415713714463,mu=23.0286;alpha=9.15953
est_09,gumbel,ml,ok,3.7899596593566716,mu=22.9562;alpha=8.04268
est_09,gumbel,me,ok,3.6574663323318717,mu=22.6837;alpha=8.51479
est_09,gamma2p,momentos,ok,3.6080974132850177,alpha=3.18619;beta=8.66194
est_09,gamma2p,mv,ok,3.44662821021324,alpha=3.57179;beta=7.72682
est_09,gamma2p,ml,ok,3.4198958706496443,alpha=3.6567;beta=7.54741
est_09,gen_exponencial,momentos,ok,4.152614530505382,alpha=22.785;lambda=0.134974
est_09,gen_exponencial,mv,ok,3.5636786418639748,alpha=9.93405;lambda=0.103672
est_09,gen_exponencial,ml,no_aplicable,,
est_09,lognormal2p,momentos,ok,3.682755736439516,mu_y=3.25166;sigma_y=0.425751
est_09,lognormal2p,mv,ok,3.682755736439516,mu_y=3.25166;sigma_y=0.425751
est_09,gamma3p,momentos,ok,4.398300497497415,beta=4.22188;alpha=4.56379;x0=8.33077
est_09,gamma3p,mv,ok,6.482119052191996,beta=1.09701;alpha=15.3488;x0=10.7608
est_09,logpearson3,momentos_directo,no_aplicable,,
est_09,logpearson3,momentos_indirecto,ok,6.683569144605553,beta=1.02978;alpha=0.419549;y0=2.81961
est_09,logpearson3,mv,no_converge,,
est_09,exponencial_x0_beta,momentos,no_aplicable,,
est_09,exponencial_x0_beta,mv,ok,7.726962559901707,x0=8.2219;beta=19.3767
est_09,exponencial_beta,momentos,ok,12.043451672474228,beta=0.0362338
est_09,exponencial_beta,mv,ok,12.043451672474228,beta=0.0362338
est_09,lognormal3p,momentos,no_aplicable,,
est_09,lognormal3p,mv,no_converge,,
est_09,gen_pareto,momentos,ok,5229.546304307272,mu=3.60826;sigma=90.5042;epsilon=2.77253
est_09,gen_pareto,mv,no_converge,,
est_09,gen_pareto,mc,ok,131.70633197951994,mu=10.9821;sigma=37.6875;epsilon=1.01885
est_09,gen_pareto,mpp,ok,27586258543.50045,mu=-34.2412;sigma=759.983;epsilon=9.80217
