"estacion","n","anderson_r1","anderson_lags_fuera","ww_rachas","ww_z","ww_p","t_student","t_student_p","mk_z","mk_z_trend","mk_p","ks_z","ks_p"
"est_01",40,0.557339945583495,4,10,-3.40758083438341,0.000655414921838549,7.54391049841718,4.57276157339229e-09,-4.82604024977602,-4.82604024977602,1.39274373025532e-06,2.68793601114312,1.24355688509096e-07
"est_02",24,0.630255980682785,1,8,-2.00624026477389,0.0448306198514126,-1.84275887937539,0.0788815753777517,1.66189498066347,1.66189500146618,0.0965338291080209,1.02062072615966,0.255775184567754
"est_03",41,0.344192547639135,1,18,0.366112390756036,0.714281211963232,1.92370669373964,0.0617124239889052,-0.786748636944539,-0.786748645032344,0.431429021564044,0.960182909404346,0.237785877910583
"est_04",36,-0.296459880892085,0,21,1.2450164884399,0.213125689413395,1.6743777920691,0.103232516576023,-1.17405005484512,-1.17405003703849,0.240374984132931,0.833333333333333,0.466812357056539
"est_05",39,-0.174632363795622,0,20,0.371557391502931,0.710222417963146,1.86640290555053,0.0699261173691403,-0.956189453673046,-0.956189453673046,0.33897652718473,0.870726502625922,0.329153076892111
"est_06",38,0.191544252422701,0,13,-2.20307406900797,0.0275895285251185,0.829582415732528,0.412242238999305,-0.364806325583976,-0.364806330281943,0.715255979410827,0.64888568452305,0.770167004949614
"est_07",19,0.104953382404513,0,12,0.842255842638446,0.399644762153253,0.338842222255065,0.738877919569574,-0.209913428562396,-0.209913428562396,0.833735241249933,0.604563541758343,0.739580852583948
"est_08",43,0.39728244753529,1,12,-3.19581667196912,0.00139435677154096,1.14358975783121,0.259427162670146,-2.62696445816578,-2.62696441133149,0.00861503437519201,1.02166208498037,0.174102157190525
"est_09",7,-0.103820380045251,0,4,-0.3638034375545,0.716004795504331,-1.13222548566063,0.308898063707827,0.300375708900734,0.300375704593055,0.76389059347054,0.545544725589981,0.885714285714286
