"estacion","distribucion","metodo","familia_lmom","T","r_lmom"
"est_01","normal","ml","nor",2,144.375
"est_01","normal","ml","nor",5,240.889285090071
"est_01","normal","ml","nor",10,291.339012100205
"est_01","normal","ml","nor",20,333.001267435158
"est_01","normal","ml","nor",25,345.137775276879
"est_01","normal","ml","nor",50,379.891999758503
"est_01","normal","ml","nor",100,411.152729669064
"est_01","normal","ml","nor",200,439.762418744991
"est_01","normal","ml","nor",500,474.432882977986
"est_01","gumbel","ml","gum",2,124.707701518571
"est_01","gumbel","ml","gum",5,230.503420930796
"est_01","gumbel","ml","gum",10,300.549392770984
"est_01","gumbel","ml","gum",20,367.739170662218
"est_01","gumbel","ml","gum",25,389.052663879333
"est_01","gumbel","ml","gum",50,454.709446203563
"est_01","gumbel","ml","gum",100,519.88142915331
"est_01","gumbel","ml","gum",200,584.815610484679
"est_01","gumbel","ml","gum",500,670.483932739513
"est_01","gve","ml","gev",2,118.718451633686
"est_01","gve","ml","gev",5,223.914123497903
"est_01","gve","ml","gev",10,299.6240796107
"est_01","gve","ml","gev",20,377.147084477821
"est_01","gve","ml","gev",25,402.792361424174
"est_01","gve","ml","gev",50,485.143698506613
"est_01","gve","ml","gev",100,572.137987591976
"est_01","gve","ml","gev",200,664.351191355879
"est_01","gve","ml","gev",500,795.063904092719
"est_01","gamma2p","ml","gam",2,109.896822634259
"est_01","gamma2p","ml","gam",5,226.506718032734
"est_01","gamma2p","ml","gam",10,310.650276297964
"est_01","gamma2p","ml","gam",20,393.096164732959
"est_01","gamma2p","ml","gam",25,419.387638542916
"est_01","gamma2p","ml","gam",50,500.476855908937
"est_01","gamma2p","ml","gam",100,580.880114676055
"est_01","gamma2p","ml","gam",200,660.766588805539
"est_01","gamma2p","ml","gam",500,765.763952053341
"est_01","lognormal3p","ml","ln3",2,118.231563444215
"est_01","lognormal3p","ml","ln3",5,226.214705668343
"est_01","lognormal3p","ml","ln3",10,302.282053591013
"est_01","lognormal3p","ml","ln3",20,378.201128615373
"est_01","lognormal3p","ml","ln3",25,402.884700163612
"est_01","lognormal3p","ml","ln3",50,480.805811647778
"est_01","lognormal3p","ml","ln3",100,561.105644107601
"est_01","lognormal3p","ml","ln3",200,644.246454147972
"est_01","lognormal3p","ml","ln3",500,759.079768557724
"est_01","logpearson3","ml","pe3",2,117.37918911199
"est_01","logpearson3","ml","pe3",5,230.523742472742
"est_01","logpearson3","ml","pe3",10,307.010039955125
"est_01","logpearson3","ml","pe3",20,379.746829935923
"est_01","logpearson3","ml","pe3",25,402.610661521888
"est_01","logpearson3","ml","pe3",50,472.350801189404
"est_01","logpearson3","ml","pe3",100,540.57026188003
"est_01","logpearson3","ml","pe3",200,607.639291113588
"est_01","logpearson3","ml","pe3",500,694.942225081701
"est_01","exponencial_x0_beta","ml","exp",2,104.668638565507
"est_01","exponencial_x0_beta","ml","exp",5,223.235484538316
"est_01","exponencial_x0_beta","ml","exp",10,312.927841052541
"est_01","exponencial_x0_beta","ml","exp",20,402.620197566766
"est_01","exponencial_x0_beta","ml","exp",25,431.494687025349
"est_01","exponencial_x0_beta","ml","exp",50,521.187043539574
"est_01","exponencial_x0_beta","ml","exp",100,610.8794000538
"est_01","exponencial_x0_beta","ml","exp",200,700.571756568025
"est_01","exponencial_x0_beta","ml","exp",500,819.138602540833
"est_02","normal","ml","nor",2,142.583333333333
"est_02","normal","ml","nor",5,227.46088131686
"est_02","normal","ml","nor",10,271.827879643193
"est_02","normal","ml","nor",20,308.466912642239
"est_02","normal","ml","nor",25,319.140120507031
"est_02","normal","ml","nor",50,349.704024630823
"est_02","normal","ml","nor",100,377.19564517702
"est_02","normal","ml","nor",200,402.355861149915
"est_02","normal","ml","nor",500,432.84610400672
"est_02","gumbel","ml","gum",2,125.287323017285
"est_02","gumbel","ml","gum",5,218.32724184881
"est_02","gumbel","ml","gum",10,279.927763785743
"est_02","gumbel","ml","gum",20,339.016463366779
"est_02","gumbel","ml","gum",25,357.760186552875
"est_02","gumbel","ml","gum",50,415.500723997337
"est_02","gumbel","ml","gum",100,472.81491437689
"est_02","gumbel","ml","gum",200,529.919974903223
"est_02","gumbel","ml","gum",500,605.259258886593
"est_02","gve","ml","gev",2,109.314636889443
"est_02","gve","ml","gev",5,196.175833118521
"est_02","gve","ml","gev",10,270.688803166307
"est_02","gve","ml","gev",20,358.321542153961
"est_02","gve","ml","gev",25,389.980182997273
"est_02","gve","ml","gev",50,501.119426888907
"est_02","gve","ml","gev",100,635.111908210385
"est_02","gve","ml","gev",200,797.092623423796
"est_02","gve","ml","gev",500,1064.70949891719
"est_02","gamma2p","ml","gam",2,116.301199930109
"est_02","gamma2p","ml","gam",5,217.051344423884
"est_02","gamma2p","ml","gam",10,286.886948751455
"est_02","gamma2p","ml","gam",20,354.08243379067
"est_02","gamma2p","ml","gam",25,375.325623332157
"est_02","gamma2p","ml","gam",50,440.410992299388
"est_02","gamma2p","ml","gam",100,504.426964883015
"est_02","gamma2p","ml","gam",200,567.63516736017
"est_02","gamma2p","ml","gam",500,650.240472669009
"est_02","lognormal3p","ml","ln3",2,107.564268582571
"est_02","lognormal3p","ml","ln3",5,200.867373995511
"est_02","lognormal3p","ml","ln3",10,279.42317688232
"est_02","lognormal3p","ml","ln3",20,367.437059134592
"est_02","lognormal3p","ml","ln3",25,398.013660205711
"est_02","lognormal3p","ml","ln3",50,500.561822963472
"est_02","lognormal3p","ml","ln3",100,615.417213554029
"est_02","lognormal3p","ml","ln3",200,743.672059773081
"est_02","lognormal3p","ml","ln3",500,935.667743938969
"est_02","logpearson3","ml","pe3",2,104.687362197538
"est_02","logpearson3","ml","pe3",5,209.844399005464
"est_02","logpearson3","ml","pe3",10,291.983332782594
"est_02","logpearson3","ml","pe3",20,375.222655532288
"est_02","logpearson3","ml","pe3",25,402.18196716375
"est_02","logpearson3","ml","pe3",50,486.300141830257
"est_02","logpearson3","ml","pe3",100,570.860489068865
"est_02","logpearson3","ml","pe3",200,655.752192630395
"est_02","logpearson3","ml","pe3",500,768.359664302617
"est_02","exponencial_x0_beta","ml","exp",2,107.664371909517
"est_02","exponencial_x0_beta","ml","exp",5,211.935601281631
"est_02","exponencial_x0_beta","ml","exp",10,290.81374130709
"est_02","exponencial_x0_beta","ml","exp",20,369.69188133255
"est_02","exponencial_x0_beta","ml","exp",25,395.084970679204
"est_02","exponencial_x0_beta","ml","exp",50,473.963110704664
"est_02","exponencial_x0_beta","ml","exp",100,552.841250730123
"est_02","exponencial_x0_beta","ml","exp",200,631.719390755582
"est_02","exponencial_x0_beta","ml","exp",500,735.990620127696
"est_03","normal","ml","nor",2,62.390243902439
"est_03","normal","ml","nor",5,110.223993582757
"est_03","normal","ml","nor",10,135.227542135087
"est_03","normal","ml","nor",20,155.875904094665
"est_03","normal","ml","nor",25,161.890917080072
"est_03","normal","ml","nor",50,179.115568048954
"est_03","normal","ml","nor",100,194.608797139034
"est_03","normal","ml","nor",200,208.788135507571
"est_03","normal","ml","nor",500,225.971273795067
"est_03","gumbel","ml","gum",2,52.6428719815795
"est_03","gumbel","ml","gum",5,105.076622642332
"est_03","gumbel","ml","gum",10,139.792327990936
"est_03","gumbel","ml","gum",20,173.09246603502
"est_03","gumbel","ml","gum",25,183.655713728449
"est_03","gumbel","ml","gum",50,216.1960789975
"est_03","gumbel","ml","gum",100,248.496171317294
"est_03","gumbel","ml","gum",200,280.67840602589
"est_03","gumbel","ml","gum",500,323.136753807736
"est_03","gve","ml","gev",2,38.4533680686895
"est_03","gve","ml","gev",5,80.5078072683221
"est_03","gve","ml","gev",10,123.177241652291
"est_03","gve","ml","gev",20,180.549403051221
"est_03","gve","ml","gev",25,203.089989774025
"est_03","gve","ml","gev",50,289.454875001369
"est_03","gve","ml","gev",100,407.778563378131
"est_03","gve","ml","gev",200,570.213105457763
"est_03","gve","ml","gev",500,881.766119406271
"est_03","gamma2p","ml","gam",2,41.9795413377925
"est_03","gamma2p","ml","gam",5,100.973938363917
"est_03","gamma2p","ml","gam",10,146.221693644655
"est_03","gamma2p","ml","gam",20,191.731747815188
"est_03","gamma2p","ml","gam",25,206.42138024416
"est_03","gamma2p","ml","gam",50,252.140953788648
"est_03","gamma2p","ml","gam",100,297.966063211718
"est_03","gamma2p","ml","gam",200,343.87035595231
"est_03","gamma2p","ml","gam",500,404.645075775599
"est_03","lognormal3p","ml","ln3",2,36.5877149051502
"est_03","lognormal3p","ml","ln3",5,84.0053885825983
"est_03","lognormal3p","ml","ln3",10,132.818106164972
"est_03","lognormal3p","ml","ln3",20,195.26685671558
"est_03","lognormal3p","ml","ln3",25,218.65845321382
"est_03","lognormal3p","ml","ln3",50,302.834223283737
"est_03","lognormal3p","ml","ln3",100,406.58742436703
"est_03","lognormal3p","ml","ln3",200,532.969832797977
"est_03","lognormal3p","ml","ln3",500,740.599092084545
"est_03","logpearson3","ml","pe3",2,32.8215028313604
"est_03","logpearson3","ml","pe3",5,92.086335569579
"est_03","logpearson3","ml","pe3",10,148.494106829757
"est_03","logpearson3","ml","pe3",20,210.113206659438
"est_03","logpearson3","ml","pe3",25,230.720753276542
"est_03","logpearson3","ml","pe3",50,296.504645158235
"est_03","logpearson3","ml","pe3",100,364.360441280499
"est_03","logpearson3","ml","pe3",200,433.750228779176
"est_03","logpearson3","ml","pe3",500,527.245264311694
"est_03","exponencial_x0_beta","ml","exp",2,42.7112486966907
"est_03","exponencial_x0_beta","ml","exp",5,101.474537730591
"est_03","exponencial_x0_beta","ml","exp",10,145.927249841916
"est_03","exponencial_x0_beta","ml","exp",20,190.379961953241
"est_03","exponencial_x0_beta","ml","exp",25,204.690538875816
"est_03","exponencial_x0_beta","ml","exp",50,249.143250987141
"est_03","exponencial_x0_beta","ml","exp",100,293.595963098466
"est_03","exponencial_x0_beta","ml","exp",200,338.04867520979
"est_03","exponencial_x0_beta","ml","exp",500,396.81196424369
"est_04","normal","ml","nor",2,24.0277777777778
"est_04","normal","ml","nor",5,39.1665181287367
"est_04","normal","ml","nor",10,47.0798059624538
"est_04","normal","ml","nor",20,53.6147356400928
"est_04","normal","ml","nor",25,55.518406592136
"est_04","normal","ml","nor",50,60.9697776511998
"est_04","normal","ml","nor",100,65.873176902987
"est_04","normal","ml","nor",200,70.3607473599191
"est_04","normal","ml","nor",500,75.7989802119854
"est_04","gumbel","ml","gum",2,20.9428652714342
"est_04","gumbel","ml","gum",5,37.5374442493533
"est_04","gumbel","ml","gum",10,48.524499474697
"est_04","gumbel","ml","gum",20,59.0635466300972
"est_04","gumbel","ml","gum",25,62.4066728780376
"est_04","gumbel","ml","gum",50,72.7052621382526
"est_04","gumbel","ml","gum",100,82.9278082319484
"est_04","gumbel","ml","gum",200,93.1130539721026
"est_04","gumbel","ml","gum",500,106.550551703219
"est_04","gve","ml","gev",2,18.8180201852956
"est_04","gve","ml","gev",5,34.8435655654421
"est_04","gve","ml","gev",10,47.6864509611775
"est_04","gve","ml","gev",20,61.9984160650358
"est_04","gve","ml","gev",25,66.995482633323
"est_04","gve","ml","gev",50,83.9373529294964
"est_04","gve","ml","gev",100,103.339335226198
"est_04","gve","ml","gev",200,125.62480097792
"est_04","gve","ml","gev",500,160.30924390607
"est_04","gamma2p","ml","gam",2,19.0043413022568
"est_04","gamma2p","ml","gam",5,37.1290825166113
"est_04","gamma2p","ml","gam",10,49.9287484279178
"est_04","gamma2p","ml","gam",20,62.3498831438811
"est_04","gamma2p","ml","gam",25,66.2928229237782
"est_04","gamma2p","ml","gam",50,78.4114282817823
"est_04","gamma2p","ml","gam",100,90.3768741742907
"est_04","gamma2p","ml","gam",200,102.226769553451
"est_04","gamma2p","ml","gam",500,117.755575440531
"est_04","lognormal3p","ml","ln3",2,18.6081345883829
"est_04","lognormal3p","ml","ln3",5,35.5046293485443
"est_04","lognormal3p","ml","ln3",10,48.7388098523356
"est_04","lognormal3p","ml","ln3",20,62.8843816533201
"est_04","lognormal3p","ml","ln3",25,67.6681540244607
"est_04","lognormal3p","ml","ln3",50,83.3198712991832
"est_04","lognormal3p","ml","ln3",100,100.265196731239
"est_04","lognormal3p","ml","ln3",200,118.613535678337
"est_04","lognormal3p","ml","ln3",500,145.193285038862
"est_04","logpearson3","ml","pe3",2,18.2833017239021
"est_04","logpearson3","ml","pe3",5,36.7083779701243
"est_04","logpearson3","ml","pe3",10,50.2601155175644
"est_04","logpearson3","ml","pe3",20,63.6500060041357
"est_04","logpearson3","ml","pe3",25,67.9367347304824
"est_04","logpearson3","ml","pe3",50,81.1973034487244
"est_04","logpearson3","ml","pe3",100,94.3925609210744
"est_04","logpearson3","ml","pe3",200,107.538677259416
"est_04","logpearson3","ml","pe3",500,124.859280497105
"est_04","exponencial_x0_beta","ml","exp",2,17.7996396790794
"est_04","exponencial_x0_beta","ml","exp",5,36.3974326766585
"est_04","exponencial_x0_beta","ml","exp",10,50.4661199747855
"est_04","exponencial_x0_beta","ml","exp",20,64.5348072729125
"est_04","exponencial_x0_beta","ml","exp",25,69.0639129723646
"est_04","exponencial_x0_beta","ml","exp",50,83.1326002704916
"est_04","exponencial_x0_beta","ml","exp",100,97.2012875686186
"est_04","exponencial_x0_beta","ml","exp",200,111.269974866746
"est_04","exponencial_x0_beta","ml","exp",500,129.867767864325
"est_05","normal","ml","nor",2,44.4666666666667
"est_05","normal","ml","nor",5,79.3487006275995
"est_05","normal","ml","nor",10,97.5821578743164
"est_05","normal","ml","nor",20,112.639661580909
"est_05","normal","ml","nor",25,117.026018256576
"est_05","normal","ml","nor",50,129.586832829492
"est_05","normal","ml","nor",100,140.885034348221
"est_05","normal","ml","nor",200,151.225101054687
"est_05","normal","ml","nor",500,163.755643136494
"est_05","gumbel","ml","gum",2,37.3585440409974
"est_05","gumbel","ml","gum",5,75.5950587083813
"est_05","gumbel","ml","gum",10,100.910958487111
"est_05","gumbel","ml","gum",20,125.194577352881
"est_05","gumbel","ml","gum",25,132.897664968685
"est_05","gumbel","ml","gum",50,156.627231101429
"est_05","gumbel","ml","gum",100,180.181581842699
"est_05","gumbel","ml","gum",200,203.649986714706
"est_05","gumbel","ml","gum",500,234.612090650724
"est_05","gve","ml","gev",2,31.3324759424825
"est_05","gve","ml","gev",5,67.4793331954343
"est_05","gve","ml","gev",10,97.8059802844007
"est_05","gve","ml","gev",20,132.849412672065
"est_05","gve","ml","gev",25,145.369237921077
"est_05","gve","ml","gev",50,188.821802421744
"est_05","gve","ml","gev",100,240.335792160142
"est_05","gve","ml","gev",200,301.577083581303
"est_05","gve","ml","gev",500,400.797956692849
"est_05","gamma2p","ml","gam",2,29.1182357600021
"est_05","gamma2p","ml","gam",5,72.2732297737604
"est_05","gamma2p","ml","gam",10,105.779599583761
"est_05","gamma2p","ml","gam",20,139.651095604097
"est_05","gamma2p","ml","gam",25,150.609111787981
"est_05","gamma2p","ml","gam",50,184.772237083768
"est_05","gamma2p","ml","gam",100,219.082144105322
"est_05","gamma2p","ml","gam",200,253.502090962045
"est_05","gamma2p","ml","gam",500,299.131276842923
"est_05","lognormal3p","ml","ln3",2,30.6929861769802
"est_05","lognormal3p","ml","ln3",5,69.2806077421825
"est_05","lognormal3p","ml","ln3",10,100.995887338296
"est_05","lognormal3p","ml","ln3",20,135.975035963662
"est_05","lognormal3p","ml","ln3",25,148.018379609353
"est_05","lognormal3p","ml","ln3",50,188.076332370788
"est_05","lognormal3p","ml","ln3",100,232.435925923898
"est_05","lognormal3p","ml","ln3",200,281.463406570532
"est_05","lognormal3p","ml","ln3",500,354.055234208521
"est_05","logpearson3","ml","pe3",2,29.6666584698163
"est_05","logpearson3","ml","pe3",5,72.6621155799342
"est_05","logpearson3","ml","pe3",10,105.566554143176
"est_05","logpearson3","ml","pe3",20,138.631462459496
"est_05","logpearson3","ml","pe3",25,149.299641105814
"est_05","logpearson3","ml","pe3",50,182.492731771973
"est_05","logpearson3","ml","pe3",100,215.750397435383
"est_05","logpearson3","ml","pe3",200,249.056520711781
"est_05","logpearson3","ml","pe3",500,293.141465071928
"est_05","exponencial_x0_beta","ml","exp",2,30.1160589122761
"est_05","exponencial_x0_beta","ml","exp",5,72.9682931074984
"est_05","exponencial_x0_beta","ml","exp",10,105.384756878074
"est_05","exponencial_x0_beta","ml","exp",20,137.80122064865
"est_05","exponencial_x0_beta","ml","exp",25,148.236991073296
"est_05","exponencial_x0_beta","ml","exp",50,180.653454843872
"est_05","exponencial_x0_beta","ml","exp",100,213.069918614448
"est_05","exponencial_x0_beta","ml","exp",200,245.486382385023
"est_05","exponencial_x0_beta","ml","exp",500,288.338616580246
"est_06","normal","ml","nor",2,44.1842105263158
"est_06","normal","ml","nor",5,66.639805808583
"est_06","normal","ml","nor",10,78.3777433665638
"est_06","normal","ml","nor",20,88.0711348005375
"est_06","normal","ml","nor",25,90.8948878644431
"est_06","normal","ml","nor",50,98.9810152038321
"est_06","normal","ml","nor",100,106.254325040243
"est_06","normal","ml","nor",200,112.910827737652
"est_06","normal","ml","nor",500,120.977466912753
"est_06","gumbel","ml","gum",2,39.6082983224138
"est_06","gumbel","ml","gum",5,64.2233680553568
"est_06","gumbel","ml","gum",10,80.5206860464544
"est_06","gumbel","ml","gum",20,96.1534647384678
"est_06","gumbel","ml","gum",25,101.112390531559
"est_06","gumbel","ml","gum",50,116.388493235245
"est_06","gumbel","ml","gum",100,131.55179959447
"est_06","gumbel","ml","gum",200,146.65977759588
"est_06","gumbel","ml","gum",500,166.591885793854
"est_06","gve","ml","gev",2,36.4942872234596
"est_06","gve","ml","gev",5,60.2876646212283
"est_06","gve","ml","gev",10,79.3108373775692
"est_06","gve","ml","gev",20,100.470641639134
"est_06","gve","ml","gev",25,107.849931617677
"est_06","gve","ml","gev",50,132.838421135883
"est_06","gve","ml","gev",100,161.404711623521
"est_06","gve","ml","gev",200,194.158590617761
"est_06","gve","ml","gev",500,245.030906675117
"est_06","gamma2p","ml","gam",2,38.4108546584333
"est_06","gamma2p","ml","gam",5,64.4728963540725
"est_06","gamma2p","ml","gam",10,81.7605289059016
"est_06","gamma2p","ml","gam",20,98.0520832217201
"est_06","gamma2p","ml","gam",25,103.150145025512
"est_06","gamma2p","ml","gam",50,118.645729198016
"est_06","gamma2p","ml","gam",100,133.737029920294
"est_06","gamma2p","ml","gam",200,148.522140115916
"est_06","gamma2p","ml","gam",500,167.705199141895
"est_06","lognormal3p","ml","ln3",2,36.18788650264
"est_06","lognormal3p","ml","ln3",5,61.2587389276385
"est_06","lognormal3p","ml","ln3",10,80.8479452958317
"est_06","lognormal3p","ml","ln3",20,101.753257588998
"est_06","lognormal3p","ml","ln3",25,108.816679924975
"est_06","lognormal3p","ml","ln3",50,131.907978809734
"est_06","lognormal3p","ml","ln3",100,156.87943659034
"est_06","lognormal3p","ml","ln3",200,183.890633510036
"est_06","lognormal3p","ml","ln3",500,222.976680059392
"est_06","logpearson3","ml","pe3",2,35.7142404990239
"est_06","logpearson3","ml","pe3",5,63.0249494051871
"est_06","logpearson3","ml","pe3",10,83.0726895568143
"est_06","logpearson3","ml","pe3",20,102.864120641463
"est_06","logpearson3","ml","pe3",25,109.197763666515
"est_06","logpearson3","ml","pe3",50,128.784391499493
"est_06","logpearson3","ml","pe3",100,148.267575203337
"est_06","logpearson3","ml","pe3",200,167.672915780466
"est_06","logpearson3","ml","pe3",500,193.234096964523
"est_06","exponencial_x0_beta","ml","exp",2,34.9458891558339
"est_06","exponencial_x0_beta","ml","exp",5,62.5323661688019
"est_06","exponencial_x0_beta","ml","exp",10,83.4007304313214
"est_06","exponencial_x0_beta","ml","exp",20,104.269094693841
"est_06","exponencial_x0_beta","ml","exp",25,110.987207444289
"est_06","exponencial_x0_beta","ml","exp",50,131.855571706809
"est_06","exponencial_x0_beta","ml","exp",100,152.723935969328
"est_06","exponencial_x0_beta","ml","exp",200,173.592300231848
"est_06","exponencial_x0_beta","ml","exp",500,201.178777244816
"est_07","normal","ml","nor",2,52.6947368421053
"est_07","normal","ml","nor",5,76.6724108860989
"est_07","normal","ml","nor",10,89.2059659834456
"est_07","normal","ml","nor",20,99.5563921139078
"est_07","normal","ml","nor",25,102.571544003492
"est_07","normal","ml","nor",50,111.205762922426
"est_07","normal","ml","nor",100,118.972070173972
"est_07","normal","ml","nor",200,126.07976204075
"est_07","normal","ml","nor",500,134.693171854197
"est_07","gumbel","ml","gum",2,47.8086614608956
"est_07","gumbel","ml","gum",5,74.0921828375371
"est_07","gumbel","ml","gum",10,91.4941609935309
"est_07","gumbel","ml","gum",20,108.186556237
"est_07","gumbel","ml","gum",25,113.481606525379
"est_07","gumbel","ml","gum",50,129.793149670299
"est_07","gumbel","ml","gum",100,145.984250941074
"est_07","gumbel","ml","gum",200,162.116273603047
"est_07","gumbel","ml","gum",500,183.399414280152
"est_07","gve","ml","gev",2,47.0215886564571
"est_07","gve","ml","gev",5,73.2701785653523
"est_07","gve","ml","gev",10,91.431357377153
"est_07","gve","ml","gev",20,109.461915513645
"est_07","gve","ml","gev",25,115.309565275845
"est_07","gve","ml","gev",50,133.721360705198
"est_07","gve","ml","gev",100,152.60676396279
"est_07","gve","ml","gev",200,172.047330874817
"est_07","gve","ml","gev",500,198.683559736578
"est_07","gamma2p","ml","gam",2,47.2559139309724
"est_07","gamma2p","ml","gam",5,74.6908904569149
"est_07","gamma2p","ml","gam",10,92.4308016530478
"est_07","gamma2p","ml","gam",20,108.940179526197
"est_07","gamma2p","ml","gam",25,114.073941466866
"est_07","gamma2p","ml","gam",50,129.600338550545
"est_07","gamma2p","ml","gam",100,144.626949375151
"est_07","gamma2p","ml","gam",200,159.274514106551
"est_07","gamma2p","ml","gam",500,178.188881674777
"est_07","lognormal3p","ml","ln3",2,46.9621505089046
"est_07","lognormal3p","ml","ln3",5,73.668346809288
"est_07","lognormal3p","ml","ln3",10,91.8023798914761
"est_07","lognormal3p","ml","ln3",20,109.478910254617
"est_07","lognormal3p","ml","ln3",25,115.148452306383
"est_07","lognormal3p","ml","ln3",50,132.827995769068
"est_07","lognormal3p","ml","ln3",100,150.740626575465
"est_07","lognormal3p","ml","ln3",200,169.003548959999
"est_07","lognormal3p","ml","ln3",500,193.818562798075
"est_07","logpearson3","ml","pe3",2,46.8190224004259
"est_07","logpearson3","ml","pe3",5,74.4932455641109
"est_07","logpearson3","ml","pe3",10,92.6653086788473
"est_07","logpearson3","ml","pe3",20,109.706007939845
"est_07","logpearson3","ml","pe3",25,115.025354622864
"est_07","logpearson3","ml","pe3",50,131.162079167333
"est_07","logpearson3","ml","pe3",100,146.839462986734
"est_07","logpearson3","ml","pe3",200,162.168760422562
"est_07","logpearson3","ml","pe3",500,182.021401776369
"est_07","exponencial_x0_beta","ml","exp",2,42.8302262045271
"est_07","exponencial_x0_beta","ml","exp",5,72.2865619428815
"est_07","exponencial_x0_beta","ml","exp",10,94.569419726356
"est_07","exponencial_x0_beta","ml","exp",20,116.85227750983
"est_07","exponencial_x0_beta","ml","exp",25,124.02575546471
"est_07","exponencial_x0_beta","ml","exp",50,146.308613248185
"est_07","exponencial_x0_beta","ml","exp",100,168.591471031659
"est_07","exponencial_x0_beta","ml","exp",200,190.874328815134
"est_07","exponencial_x0_beta","ml","exp",500,220.330664553488
"est_08","normal","ml","nor",2,156.662558139535
"est_08","normal","ml","nor",5,229.966257359209
"est_08","normal","ml","nor",10,268.283399852823
"est_08","normal","ml","nor",20,299.926357483774
"est_08","normal","ml","nor",25,309.144173474189
"est_08","normal","ml","nor",50,335.540402961218
"est_08","normal","ml","nor",100,359.283283516284
"est_08","normal","ml","nor",200,381.012668351213
"est_08","normal","ml","nor",500,407.345280975034
"est_08","gumbel","ml","gum",2,141.725020851652
"est_08","gumbel","ml","gum",5,222.078075192627
"est_08","gumbel","ml","gum",10,275.278788916311
"est_08","gumbel","ml","gum",20,326.310190791995
"est_08","gumbel","ml","gum",25,342.498031738544
"est_08","gumbel","ml","gum",50,392.365106013977
"est_08","gumbel","ml","gum",100,441.863969640638
"est_08","gumbel","ml","gum",200,491.182220228603
"est_08","gumbel","ml","gum",500,556.24828709489
"est_08","gve","ml","gev",2,138.282641518774
"est_08","gve","ml","gev",5,218.39139275734
"est_08","gve","ml","gev",10,274.882726167379
"est_08","gve","ml","gev",20,331.809701062914
"est_08","gve","ml","gev",25,350.449673418594
"est_08","gve","ml","gev",50,409.698628138239
"est_08","gve","ml","gev",100,471.34128303081
"est_08","gve","ml","gev",200,535.698994290966
"est_08","gve","ml","gev",500,625.335078660808
"est_08","gamma2p","ml","gam",2,139.506355244039
"est_08","gamma2p","ml","gam",5,223.671700651135
"est_08","gamma2p","ml","gam",10,278.427634617352
"est_08","gamma2p","ml","gam",20,329.540250204631
"est_08","gamma2p","ml","gam",25,345.458655782127
"est_08","gamma2p","ml","gam",50,393.660597570751
"est_08","gamma2p","ml","gam",100,440.382975984239
"est_08","gamma2p","ml","gam",200,485.983586388689
"est_08","gamma2p","ml","gam",500,544.937066415315
"est_08","lognormal3p","ml","ln3",2,138.013566258302
"est_08","lognormal3p","ml","ln3",5,219.863201538024
"est_08","lognormal3p","ml","ln3",10,276.428179845922
"est_08","lognormal3p","ml","ln3",20,332.192726140115
"est_08","lognormal3p","ml","ln3",25,350.195459953039
"est_08","lognormal3p","ml","ln3",50,406.664321723382
"est_08","lognormal3p","ml","ln3",100,464.344476805336
"est_08","lognormal3p","ml","ln3",200,523.587822601827
"est_08","lognormal3p","ml","ln3",500,604.718822786588
"est_08","logpearson3","ml","pe3",2,137.482041884934
"est_08","logpearson3","ml","pe3",5,222.734450641759
"est_08","logpearson3","ml","pe3",10,279.501149984746
"est_08","logpearson3","ml","pe3",20,333.096043555914
"est_08","logpearson3","ml","pe3",25,349.882746943577
"est_08","logpearson3","ml","pe3",50,400.942948989177
"est_08","logpearson3","ml","pe3",100,450.715970707414
"est_08","logpearson3","ml","pe3",200,499.51433956417
"est_08","logpearson3","ml","pe3",500,562.870939555709
"est_08","exponencial_x0_beta","ml","exp",2,126.505124211641
"est_08","exponencial_x0_beta","ml","exp",5,216.557994690918
"est_08","exponencial_x0_beta","ml","exp",10,284.680361427476
"est_08","exponencial_x0_beta","ml","exp",20,352.802728164034
"est_08","exponencial_x0_beta","ml","exp",25,374.733231906753
"est_08","exponencial_x0_beta","ml","exp",50,442.855598643311
"est_08","exponencial_x0_beta","ml","exp",100,510.977965379869
"est_08","exponencial_x0_beta","ml","exp",200,579.100332116427
"est_08","exponencial_x0_beta","ml","exp",500,669.153202595704
