"archivo","variable","n","media","desvio","asimetria","curtosis","kn","limite_superior","limite_inferior","atipicos","anderson_t","anderson_p","ww_z","ww_p","spearman_rho","spearman_p","mw_w","mw_p","mood_z","mood_p","mk_tau","mk_p","dw","dw_p","ljung_box","ljung_box_p"
"est_01","Q",40,144.375,115.777569126409,0.742713336139836,2.39763418840946,2.66456948111472,452.87237729188,-164.12237729188,0,4.10617486710387,0.000213058605980434,-3.84433965310312,0.000120877490932728,0.687465181940167,1.33486953080838e-06,385,5.95671678762309e-07,-0.0790650136056912,0.936980911463859,-0.534454881879583,1.39274373025532e-06,0.877814406672872,0,58.4218772947641,4.37077318782286e-08
"est_02","Q",24,142.583333333333,108.714991033262,1.46578286961005,4.59420492618464,2.45599937893107,409.587283791522,-124.420617124856,1,3.74775609847063,0.00118559666665627,-1.25227066490508,0.210471254350656,0.364624505928854,0.0878445033032352,42,0.0887337860685552,-0.373978796003383,0.708420091779086,0.246376811594203,0.0965338291080209,0.731301674110906,0,19.7237775399384,0.0724949224917242
"est_03","Q",41,62.390243902439,77.2249564741802,3.05256819135677,12.6813153799073,2.67465147483537,268.940087630202,-144.159599825324,2,2.27992850569912,0.0283118423162886,-0.961084913275781,0.336509474716018,0.258428021410461,0.107376270164029,258.5,0.210374072225819,0.537430761527001,0.590970099514646,-0.0870644769764536,0.431429021564044,1.29730417532594,0.0620000000000001,13.9153253631255,0.306148126510485
"est_04","Q",36,24.0277777777778,19.6998710816828,1.77149306242317,7.18110817392331,2.62155078257163,75.6719902285234,-27.6164346729679,1,-1.81619298769169,0.0784351225028498,1.04494581902885,0.29604801151778,-0.319744155558802,0.0611479421702932,212,0.116661882183781,0.0394772943060744,0.968509855921294,-0.139997003663378,0.240374984132931,2.56335649004984,0.046,10.9653870532518,0.531887338078736
"est_05","Q",39,44.4666666666667,45.8212162611287,1.76685851086754,6.51652647140837,2.65423222011473,166.0868152318,-77.1534818984663,1,-1.07433436826204,0.289821162956094,0.171366000209553,0.863935987195564,-0.0853545042994269,0.610390916822402,249.5,0.0972310179617301,0.470506760285054,0.637993005478575,-0.108475797838328,0.33897652718473,2.32970150810169,0.26,8.35123600899865,0.757115511521356
"est_06","Q",38,44.1842105263158,27.8449910708958,1.06013067812501,3.00822280324297,2.64362642901628,117.795964837058,-29.4275437844267,0,1.16387243334928,0.252348638473011,-1.64459063677655,0.100054259054435,0.23843141907926,0.155277907378874,210,0.396984823210247,0.126870952149099,0.899042537649938,-0.0428883138575273,0.715255979410827,1.59960481886155,0.222,11.6664381386308,0.472826463680299
"est_07","Q",19,52.6947368421053,28.3584099555084,0.803191459360188,3.02526370542227,2.36061443519366,119.638008742218,-14.2485350580074,1,0.441107786438115,0.665037447252031,0,1,0.0773993808049536,0.76068792804468,51,0.660720084868692,0.0334730963502289,0.973297319807877,-0.0409356725146199,0.833735241249933,1.73317501477987,0.538,12.7005576359931,0.391175860981968
"est_08","Q",43,156.662558139535,88.1822767554586,0.885439646746446,3.15755986401863,2.69409800723768,394.234254220098,-80.909137941028,1,2.89755966579193,0.0060739456092978,-2.4995237641637,0.0124360358031266,0.499594813614263,0.000755921035323306,289,0.162383457764362,-0.306861900110097,0.758948490123499,-0.279224419583097,0.00861503437519201,1.11993678246152,0.002,15.1593759339457,0.232836151111412
"UCC-DAT-ESR-AH-001-26-00","SVI",304,-0.132828947368421,0.960970643622977,0.735431141875386,3.79186600410841,3.49266241048416,3.22351709719232,-3.48917499192916,1,8.92495552917543,4.4770059491374e-17,-6.5239747237103,6.84682525460181e-11,0.493402663524357,5.37207192792098e-20,12118.5,0.460134569911442,-1.67750216618947,0.0934443262257675,-0.132805729248319,0.000566740206707034,1.08275384070502,0,145.130484316444,0
"UCC-DAT-ESR-AH-001-26-00","P_IMERG",304,35.6690131578947,34.1036297287198,0.847940156647021,3.08249039690272,3.49266241048416,154.781478772465,-83.4434524566751,1,11.6443436128474,4.03770835548598e-26,-9.88119563550754,5.02299636630517e-23,0.65286268453582,3.43278017969468e-38,11738,0.808725717695544,-0.207391273719114,0.835704297022734,-0.0282509800160979,0.462953038949329,0.883338698379047,0,807.025485265827,0
"UCC-DAT-ESR-AH-001-26-00","EVI",304,0.140704605263158,0.039824144522794,0.198335881334323,1.57307109411778,3.49266241048416,0.279796897867609,0.0016123126587067,0,26.4350058758069,1.88872135464433e-80,-11.7195576142066,1.01199069792242e-31,0.827668630752327,1.70680319011556e-77,10740,0.289608665806165,0.785163752029128,0.432357565048318,0.0202244042101556,0.599520244106038,0.327260475923771,0,1494.67761768327,0
"UCC-DAT-ESR-AH-001-26-00","SPI_1",304,0.0128424342105263,0.954489816763702,0.132274749424869,3.46634257243713,3.49266241048416,3.34655313841102,-3.32086826998997,0,-0.0726637857256715,0.942121927475351,1.72346435503038,0.0848045857715156,-0.0168414395783536,0.77031247722731,12118,0.460541859261475,0.487914410739304,0.625610466677477,-0.0713928998105544,0.0634719679764731,2.00645294406233,0.948,8.11688246161664,0.775930984582975
"UCC-DAT-ESR-AH-001-26-00","SPI_3",302,-0.00179238410596027,0.976766302487972,0.0182366685276966,2.9586597787515,3.48996735119416,3.4070901213237,-3.41067488953562,0,12.491130275225,4.26119926126735e-29,-6.91672318389633,4.62209994488576e-12,0.570931678275875,1.96084539493105e-27,11741.5,0.653608236611741,-0.32272914713577,0.746900376103138,-0.0953124828167376,0.0135258778588087,0.821792512677482,0,141.533986848195,0
"UCC-DAT-ESR-AH-001-26-00","SPI_6",299,0.000138795986622076,0.97254808105632,-0.105158298764522,2.32469699207517,3.48589111101542,3.39033550677595,-3.39005791480271,0,22.7242419603025,7.40309688723541e-67,-11.4891904180802,1.49506441224728e-30,0.801519675106132,4.54949946419823e-68,11080.5,0.899927268161438,0.41850652834464,0.675576814434147,-0.10976307786238,0.00465787814042407,0.404502515931166,0,443.421437270968,0
"UCC-DAT-ESR-AH-001-26-00","SPI_9",296,6.55405405405396e-05,0.969783520153371,-0.0207402839570232,2.20560766740299,3.48177376520051,3.37663235893435,-3.37650127785327,0,28.8437302448584,1.37282849702066e-87,-13.5076398339941,1.40968666667545e-41,0.869546763893028,8.95114259382143e-92,10476.5,0.518845537498203,0.0624659805942393,0.9501917525659,-0.123346504239343,0.00155768096887825,0.27924557756487,0,705.117853762841,0
"UCC-DAT-ESR-AH-001-26-00","SPI_12",293,-0.000102730375426618,0.969375708787382,0.14804316136901,2.1276105422319,3.47761447626167,3.37101226743999,-3.37121772819084,0,35.8854242450234,1.11112223589794e-108,-13.8346466966307,1.57508427381633e-43,0.903654182805297,8.12951616671136e-109,10063,0.357301078296398,-0.639559014723715,0.522459335182005,-0.146854618176041,0.000178577690225438,0.192053522461829,0,1024.26931243459,0
"UCC-DAT-ESR-AH-001-26-00","SOI",304,0.253618421052632,0.903195682770747,0.110904895770373,3.41521223388406,3.49266241048416,3.4081760315776,-2.90093918947233,1,11.586631980238,6.43601095385667e-26,-7.17038443493152,7.47874547985613e-13,0.54597779065756,6.1235219774545e-25,11748,0.798465753340834,0.988594027290581,0.322861809614519,0.0783525563222271,0.0450164578523218,0.888759355514682,0,395.076391816234,0
"UCC-DAT-ESR-AH-001-26-00","AAO",304,0.18579375,0.952353880926236,-0.265588511085489,3.10892593177066,3.49266241048416,3.51204435138977,-3.14045685138977,0,5.72209962903403,2.54085203290503e-08,-4.13631445207292,3.52928480773436e-05,0.31539634057567,2.00878673049011e-08,9209,0.00223662349138138,0.984439377723735,0.324899524672657,0.124436820799638,0.0012155290016338,1.37154835208004,0,60.7144044011328,1.67199047940159e-08
