estacion,i,valor
est_01,1,207.0
est_01,2,158.0
est_01,3,129.0
est_01,4,258.0
est_01,5,236.0
est_01,6,410.0
est_01,7,245.0
est_01,8,219.0
est_01,9,359.0
est_01,10,118.0
est_01,11,290.0
est_01,12,79.0
est_01,13,126.0
est_01,14,141.0
est_01,15,225.0
est_01,16,235.0
est_01,17,356.0
est_01,18,155.0
est_01,19,356.0
est_01,20,356.0
est_01,21,61.0
est_01,22,58.0
est_01,23,148.0
est_01,24,57.0
est_01,25,62.0
est_01,26,57.0
est_01,27,26.0
est_01,28,47.0
est_01,29,25.0
est_01,30,61.0
est_01,31,37.0
est_01,32,36.0
est_01,33,22.0
est_01,34,43.0
est_01,35,35.0
est_01,36,22.0
est_01,37,15.0
est_01,38,19.0
est_01,39,143.0
est_01,40,143.0
est_02,1,98.0
est_02,2,44.0
est_02,3,97.0
est_02,4,52.0
est_02,5,90.0
est_02,6,247.0
est_02,7,191.0
est_02,8,54.0
est_02,9,112.0
est_02,10,42.0
est_02,11,60.0
est_02,12,157.0
est_02,13,61.0
est_02,14,45.0
est_02,15,91.0
est_02,16,257.0
est_02,17,458.0
est_02,18,381.0
est_02,19,251.0
est_02,20,151.0
est_02,21,122.0
est_02,22,58.0
est_02,23,145.0
est_02,24,158.0
est_03,1,114.0
est_03,2,50.0
est_03,3,54.0
est_03,4,105.0
est_03,5,45.0
est_03,6,126.0
est_03,7,14.0
est_03,8,45.0
est_03,9,14.0
est_03,10,20.0
est_03,11,34.0
est_03,12,47.0
est_03,13,3.0
est_03,14,32.0
est_03,15,32.0
est_03,16,179.0
est_03,17,42.0
est_03,18,402.0
est_03,19,314.0
est_03,20,36.0
est_03,21,47.0
est_03,22,21.0
est_03,23,44.0
est_03,24,19.0
est_03,25,32.0
est_03,26,58.0
est_03,27,83.0
est_03,28,9.0
est_03,29,13.0
est_03,30,28.0
est_03,31,2.0
est_03,32,29.0
est_03,33,71.0
est_03,34,57.0
est_03,35,84.0
est_03,36,34.0
est_03,37,7.0
est_03,38,34.0
est_03,39,73.0
est_03,40,70.0
est_03,41,35.0
est_04,1,12.0
est_04,2,100.0
est_04,3,12.0
est_04,4,10.0
est_04,5,32.0
est_04,6,32.0
est_04,7,18.0
est_04,8,42.0
est_04,9,29.0
est_04,10,3.0
est_04,11,57.0
est_04,12,10.0
est_04,13,50.0
est_04,14,10.0
est_04,15,40.0
est_04,16,36.0
est_04,17,20.0
est_04,18,16.0
est_04,19,10.0
est_04,20,31.0
est_04,21,7.0
est_04,22,9.0
est_04,23,18.0
est_04,24,10.0
est_04,25,38.0
est_04,26,4.0
est_04,27,23.0
est_04,28,12.0
est_04,29,16.0
est_04,30,48.0
est_04,31,23.0
est_04,32,2.0
est_04,33,11.0
est_04,34,45.0
est_04,35,21.0
est_04,36,8.0
est_05,1,7.0
est_05,2,104.0
est_05,3,17.0
est_05,4,90.0
est_05,5,9.2
est_05,6,149.0
est_05,7,26.0
est_05,8,41.6
est_05,9,4.0
est_05,10,34.0
est_05,11,59.0
est_05,12,30.0
est_05,13,215.0
est_05,14,1.7
est_05,15,57.0
est_05,16,125.0
est_05,17,30.0
est_05,18,64.0
est_05,19,40.0
est_05,20,78.0
est_05,21,89.0
est_05,22,2.8
est_05,23,3.4
est_05,24,26.0
est_05,25,31.0
est_05,26,24.0
est_05,27,18.0
est_05,28,14.0
est_05,29,0.9
est_05,30,31.0
est_05,31,9.0
est_05,32,57.0
est_05,33,1.3
est_05,34,2.3
est_05,35,19.0
est_05,36,33.0
est_05,37,45.0
est_05,38,89.0
est_05,39,57.0
est_06,1,30.0
est_06,2,18.0
est_06,3,36.0
est_06,4,29.0
est_06,5,103.0
est_06,6,96.0
est_06,7,63.0
est_06,8,23.0
est_06,9,21.0
est_06,10,16.0
est_06,11,25.0
est_06,12,51.0
est_06,13,21.0
est_06,14,109.0
est_06,15,64.0
est_06,16,70.0
est_06,17,36.0
est_06,18,54.0
est_06,19,46.0
est_06,20,72.0
est_06,21,47.0
est_06,22,99.0
est_06,23,21.0
est_06,24,18.0
est_06,25,24.0
est_06,26,19.0
est_06,27,43.0
est_06,28,26.0
est_06,29,20.0
est_06,30,23.0
est_06,31,55.0
est_06,32,48.0
est_06,33,32.0
est_06,34,26.0
est_06,35,14.0
est_06,36,104.0
est_06,37,50.0
est_06,38,27.0
est_07,1,77.7
est_07,2,42.3
est_07,3,53.5
est_07,4,51.2
est_07,5,85.5
est_07,6,102.0
est_07,7,22.4
est_07,8,39.3
est_07,9,21.8
est_07,10,27.0
est_07,11,32.9
est_07,12,61.9
est_07,13,36.8
est_07,14,60.3
est_07,15,11.8
est_07,16,46.4
est_07,17,69.8
est_07,18,120.0
est_07,19,38.6
est_08,1,295.92
est_08,2,250.07
est_08,3,191.15
est_08,4,165.3
est_08,5,333.7
est_08,6,328.0
est_08,7,159.8
est_08,8,100.0
est_08,9,61.7
est_08,10,39.2
est_08,11,75.5
est_08,12,180.6
est_08,13,121.6
est_08,14,115.7
est_08,15,111.82
est_08,16,253.5
est_08,17,115.7
est_08,18,114.7
est_08,19,165.8
est_08,20,233.9
est_08,21,205.6
est_08,22,256.54
est_08,23,160.04
est_08,24,224.96
est_08,25,407.9
est_08,26,141.4
est_08,27,105.8
est_08,28,75.2
est_08,29,122.5
est_08,30,195.86
est_08,31,88.65
est_08,32,202.28
est_08,33,292.3
est_08,34,86.0
est_08,35,84.4
est_08,36,81.2
est_08,37,44.1
est_08,38,138.2
est_08,39,47.2
est_08,40,71.6
est_08,41,84.3
est_08,42,142.5
est_08,43,64.3
est_09,1,24.32
est_09,2,10.99
est_09,3,33.9
est_09,4,31.91
est_09,5,39.55
est_09,6,22.0
est_09,7,30.52
